	sex	Age	major group3	year	gpax	Region	previous-edu	uni-activity	influ-major	influ-people	influ-wellknown	influ-quality	influ-careermarket	TYPE
0	1	3	1	1	1	3	2	1	2	1	2	2	2	5
1	2	3	6	1	4	2	3	1	0	2	2	2	0	0
2	1	3	2	3	1	2	1	1	2	2	0	2	2	4
3	2	1	3	0	2	2	3	1	0	0	0	2	2	2
4	2	0	5	0	1	2	5	1	0	2	0	0	2	4
5	2	3	3	3	4	2	2	0	2	0	2	1	2	10
6	1	3	6	3	2	0	2	1	0	2	2	2	0	4
7	2	1	3	0	1	2	2	1	0	2	0	0	0	6
8	1	3	7	4	2	2	1	1	0	1	2	0	2	12
9	2	3	1	4	2	2	5	1	0	2	2	0	0	12
10	1	2	3	0	2	2	2	1	0	1	2	2	2	7
11	1	3	3	1	4	2	5	1	2	0	2	2	1	5
12	1	1	1	0	1	3	2	1	2	0	0	2	2	11
13	2	3	3	2	1	0	2	1	0	0	0	0	0	4
14	2	2	1	0	4	3	3	1	2	2	2	2	2	7
15	2	1	5	0	4	3	2	1	0	2	0	2	2	15
16	1	3	1	3	2	2	5	1	0	1	2	0	0	4
17	1	3	2	4	2	2	5	1	0	0	2	2	0	5
18	1	3	1	3	1	2	2	1	2	2	0	0	2	1
19	1	3	4	3	1	2	5	0	2	2	2	2	2	1
20	1	3	4	3	1	2	5	0	2	2	2	2	2	1
21	1	3	2	3	2	2	5	0	2	2	2	0	2	13
22	2	0	6	4	1	2	3	1	0	2	2	0	2	4
23	2	3	3	3	1	2	3	1	0	2	2	0	2	6
24	1	3	3	1	4	2	5	1	0	2	2	0	2	4
25	2	3	6	4	4	2	5	1	0	2	2	0	2	4
26	1	0	6	2	1	2	2	1	0	2	2	0	2	6
27	2	3	6	3	4	0	5	1	0	1	0	2	2	2
28	1	3	6	3	1	1	2	1	0	0	0	2	0	6
29	1	3	1	4	4	4	3	1	0	2	2	0	0	6
30	2	0	1	4	4	2	3	1	0	0	0	0	2	6
31	2	3	1	1	4	2	5	1	0	0	2	2	0	6
32	1	0	5	2	1	2	5	1	0	0	0	0	0	6
33	2	3	1	4	1	0	3	1	0	0	2	2	0	6
34	1	3	1	4	1	0	3	1	0	0	2	2	0	6
35	1	3	0	3	1	0	3	1	0	0	0	2	2	15
36	2	1	2	0	2	1	1	1	0	2	2	0	2	4
37	1	0	0	2	1	2	3	1	0	2	0	0	0	6
38	1	0	4	2	2	2	2	1	0	1	0	0	0	8
39	2	3	7	3	4	5	5	1	0	0	0	0	2	6
40	1	2	3	0	2	2	2	1	0	2	0	0	0	4
41	2	3	1	4	1	0	5	1	0	0	0	0	0	6
42	2	3	1	4	1	3	5	1	0	2	0	0	0	6
43	2	0	7	2	2	3	3	1	0	2	0	0	2	6
44	1	3	6	1	1	0	2	1	2	2	2	2	2	7
45	2	3	3	1	4	2	5	1	2	2	2	2	2	2
46	2	3	3	2	1	2	2	1	0	0	2	0	0	4
47	2	3	3	3	1	2	2	1	0	0	0	0	0	4
48	2	3	3	3	4	0	2	1	0	0	2	0	0	0
49	2	3	3	3	1	0	2	1	0	2	0	2	0	6
50	2	3	3	3	4	4	2	1	0	2	2	0	0	7
51	2	3	3	3	4	2	2	1	0	0	2	2	0	6
52	1	3	1	3	3	2	2	0	0	2	2	0	0	0
53	1	0	1	4	2	2	5	1	0	2	0	2	0	6
54	2	1	1	0	1	2	3	1	0	1	0	2	0	6
55	2	0	1	0	2	0	3	1	0	0	2	0	2	0
56	2	1	2	0	2	3	2	1	0	2	0	0	2	0
57	1	3	1	3	1	0	5	1	0	1	2	2	2	8
58	1	3	0	1	1	0	1	1	0	0	0	0	2	4
59	1	2	1	0	1	3	5	1	0	2	0	0	0	6
60	2	3	0	3	1	2	5	1	0	2	0	0	0	8
61	2	3	3	4	1	0	5	1	0	1	0	0	0	6
62	2	1	7	0	1	2	2	1	0	2	0	0	2	6
63	2	3	3	1	4	0	3	1	2	0	2	0	2	6
64	2	3	3	2	1	0	2	1	0	2	2	0	0	2
65	1	3	3	4	1	2	2	1	2	0	2	2	0	1
66	2	3	3	1	1	0	1	0	2	2	1	2	0	13
67	2	0	6	0	1	1	1	0	0	2	2	1	2	13
68	0	3	4	4	2	2	2	1	0	0	2	2	0	2
69	2	3	3	3	4	2	5	1	0	0	2	2	2	1
70	1	3	6	2	1	0	1	1	2	2	2	2	2	7
71	2	3	0	1	4	3	1	1	2	2	0	0	2	6
72	2	0	6	0	1	2	2	1	2	2	0	0	0	2
73	0	3	0	4	4	5	5	1	0	2	2	0	0	13
74	2	3	3	2	1	5	5	0	2	2	0	0	0	4
75	2	0	5	0	1	2	2	1	2	2	2	0	2	0
76	2	3	6	3	2	1	2	1	2	2	0	2	0	5
77	2	3	5	4	4	2	1	1	2	2	2	2	2	3
78	0	3	3	1	1	0	5	1	2	2	0	0	0	8
79	1	3	6	4	4	2	2	1	2	0	0	2	0	2
80	1	3	4	4	1	2	1	1	2	0	2	0	1	3
81	2	3	3	1	4	0	5	1	2	2	2	0	0	3
82	2	3	3	4	1	0	2	1	0	0	0	2	0	2
83	1	3	2	3	1	2	1	1	2	2	0	0	2	15
84	1	3	2	2	1	2	1	1	2	0	2	2	0	6
85	1	3	2	3	2	2	1	1	0	2	1	2	0	4
86	1	3	2	2	1	2	1	1	2	2	0	0	0	4
87	1	3	7	1	4	0	1	1	0	0	1	2	0	5
88	0	3	7	3	1	0	1	1	2	2	0	0	0	10
89	1	0	7	0	1	2	1	1	2	2	1	1	2	14
90	1	3	1	2	4	3	2	1	0	2	2	2	0	7
91	0	3	3	3	4	3	2	0	0	2	2	0	0	6
92	0	3	3	3	4	2	5	1	2	2	2	0	0	15
93	2	3	4	3	1	3	2	1	0	0	0	0	0	5
94	2	0	6	0	4	3	2	1	2	0	2	2	2	5
95	2	3	6	2	4	3	2	1	2	1	0	2	0	12
96	2	3	1	3	1	3	2	1	2	2	0	1	0	2
97	2	3	3	3	4	3	2	1	0	0	0	0	0	4
98	2	3	3	3	4	3	2	0	0	0	0	2	2	5
99	2	3	3	3	1	3	1	1	2	0	0	2	0	6
100	0	3	4	3	1	3	1	1	0	0	2	0	2	12
101	1	1	1	0	1	3	2	1	0	2	2	0	0	15
102	1	3	1	1	4	3	2	1	0	0	0	2	0	0
103	1	3	1	1	4	3	2	1	0	2	0	2	2	6
104	2	3	7	4	2	3	1	1	1	2	2	0	2	13
105	2	3	6	1	4	3	1	1	2	0	2	0	2	8
106	2	3	6	2	1	3	1	0	2	2	2	2	2	3
107	2	3	3	3	4	3	2	1	0	0	0	2	0	4
108	2	0	0	0	1	3	1	1	2	2	2	0	2	2
109	1	3	4	3	1	3	1	1	0	2	0	2	2	7
110	2	3	0	2	1	3	1	1	2	2	0	2	0	6
111	1	3	1	4	1	3	2	0	2	0	2	0	2	14
112	2	3	3	4	1	3	1	1	2	2	2	0	2	4
113	2	3	3	4	1	5	2	1	2	2	0	2	0	6
114	2	1	3	0	1	1	2	1	2	0	0	2	0	2
115	2	3	1	1	4	0	1	1	2	2	2	0	0	6
116	2	3	3	2	4	0	1	1	2	2	2	2	2	1
117	2	3	3	3	2	2	1	1	0	2	2	0	0	4
118	2	3	5	4	1	2	5	1	0	2	0	2	2	6
119	1	1	7	0	1	2	1	1	2	2	0	2	2	4
120	1	3	7	3	1	0	1	1	2	2	2	2	2	11
121	2	3	2	1	1	2	1	1	2	2	2	0	0	7
122	1	3	0	2	1	0	1	1	2	2	2	0	0	3
123	1	3	0	2	4	0	1	0	0	2	2	0	0	1
124	2	3	0	3	1	0	1	1	2	2	1	2	2	2
125	0	3	0	4	1	0	1	1	0	2	0	2	2	4
126	1	3	7	1	1	0	1	1	2	2	2	2	0	1
127	2	3	3	2	1	5	2	1	2	0	0	0	0	2
128	1	3	5	3	1	2	1	1	2	0	0	0	2	3
129	1	3	0	4	1	0	1	1	0	0	0	0	0	14
130	1	3	1	3	1	2	2	1	2	2	0	0	0	4
131	2	3	3	2	1	4	1	1	2	2	2	2	0	4
132	0	3	5	4	4	5	1	1	2	0	2	0	2	3
133	1	3	0	3	4	0	1	0	2	2	2	0	0	6
134	1	3	5	1	4	0	1	1	0	2	1	2	2	2
135	1	3	3	4	1	0	1	1	2	0	2	0	0	12
136	2	3	3	3	1	0	1	1	2	2	2	2	2	9
137	0	0	0	0	1	0	1	1	2	0	0	2	0	7
138	2	3	1	1	4	2	1	1	2	0	2	0	2	13
139	2	0	1	0	1	0	1	1	2	2	2	2	2	7
140	1	3	0	2	4	0	1	1	1	1	2	2	2	5
141	2	3	0	4	1	0	1	1	2	2	0	2	2	6
142	2	3	3	4	1	1	2	1	0	2	0	0	0	10
143	2	3	3	4	1	0	1	1	2	0	2	0	0	7
144	1	3	7	3	1	0	1	1	2	2	2	0	0	12
145	0	3	7	3	1	0	1	1	2	0	2	2	2	7
146	1	3	2	4	1	0	1	1	2	2	2	0	2	3
147	1	3	4	4	1	2	1	1	0	0	0	2	2	6
148	1	3	4	3	4	2	1	1	2	0	0	2	2	12
149	1	3	4	3	4	2	2	1	2	0	2	2	0	2
150	2	3	3	2	4	2	2	1	0	0	2	0	0	4
151	2	3	3	4	1	2	2	1	0	0	2	0	0	3
152	0	3	0	4	1	0	1	1	0	2	2	2	0	7
153	0	3	1	4	2	2	5	1	0	2	0	0	0	6
154	1	3	4	1	1	0	2	1	0	0	0	0	0	4
155	0	0	7	2	1	2	5	1	0	0	0	0	2	6
156	1	3	3	3	2	2	2	1	0	2	0	0	0	6
157	2	3	6	3	4	2	3	1	0	1	0	2	2	10
158	2	0	3	3	2	2	5	1	0	2	0	2	0	4
159	2	3	4	2	1	0	2	1	0	0	0	0	0	2
160	2	3	1	1	2	0	1	0	1	2	0	2	0	1
161	2	0	4	0	1	2	2	1	0	0	2	0	0	0
162	1	3	1	4	3	2	2	0	0	1	2	0	0	7
163	0	3	2	4	1	2	2	1	0	1	0	2	2	4
164	1	3	4	3	4	2	2	1	0	0	0	2	0	2
165	0	3	1	1	2	2	1	0	1	2	2	0	2	3
166	1	0	3	4	1	3	2	1	0	1	0	0	0	2
167	2	3	3	4	4	1	2	1	2	0	0	0	0	14
168	2	3	3	2	1	5	2	1	0	0	0	0	2	2
169	2	3	3	4	4	0	2	1	0	0	0	0	0	11
170	2	3	3	3	4	5	2	1	0	0	0	2	0	4
171	1	3	0	3	1	0	1	1	2	2	0	2	2	14
172	1	3	4	4	4	0	2	1	0	0	2	2	0	4
173	1	3	4	4	1	2	2	1	2	0	0	0	0	6
174	1	3	4	3	1	0	2	1	0	2	0	0	0	6
175	1	3	4	2	4	0	2	1	0	2	2	2	2	15
176	1	3	0	1	1	2	1	1	2	0	2	2	2	2
177	0	3	2	3	1	3	2	1	2	0	2	2	1	6
178	2	0	3	3	3	2	5	0	1	0	2	1	2	10
179	0	3	0	3	1	2	1	1	0	0	0	0	0	0
180	2	3	3	1	4	2	3	0	2	1	1	2	2	14
181	1	3	0	1	1	1	1	1	2	2	2	2	2	4
182	2	3	1	3	3	0	2	0	1	0	0	0	2	9
183	2	3	7	3	4	2	1	1	2	2	2	0	2	8
184	2	0	7	1	1	0	1	1	2	0	0	0	0	1
185	0	0	3	1	1	0	4	0	0	1	0	0	1	15
186	0	3	1	1	3	0	4	0	1	0	0	0	2	10
187	1	3	6	4	4	2	2	1	0	2	0	2	0	4
188	1	3	7	2	1	2	1	1	2	2	0	2	0	3
189	2	3	3	3	4	0	2	1	0	0	0	0	0	12
190	2	3	3	3	4	0	2	1	0	2	2	0	0	8
191	1	3	3	3	4	4	2	1	0	0	2	0	0	12
192	2	1	3	0	3	0	3	0	2	2	0	0	0	5
193	2	3	0	4	1	1	1	1	2	1	2	0	0	14
194	2	3	0	2	4	0	1	1	2	0	2	0	2	15
195	1	3	0	3	1	0	1	1	2	2	2	0	0	2
196	2	3	1	2	1	0	1	1	2	2	1	2	2	9
197	1	3	0	3	1	0	1	0	2	2	2	2	2	6
198	1	3	7	1	1	0	1	1	2	2	2	2	0	3
199	1	3	2	3	1	0	1	1	2	2	2	2	2	4
200	2	3	3	3	4	0	2	1	0	0	0	0	0	15
201	2	3	3	2	1	0	2	1	0	0	2	0	0	8
202	1	3	0	3	1	3	1	1	2	2	2	2	2	4
203	2	3	3	4	1	3	2	1	0	0	0	0	0	6
204	1	3	4	3	1	2	2	1	0	0	0	0	0	15
205	1	1	0	0	1	3	1	1	2	2	2	0	0	6
206	1	0	0	0	1	3	1	1	2	0	2	2	2	11
207	1	3	4	2	1	1	2	1	2	2	0	0	0	2
208	2	3	4	3	1	5	2	1	0	0	2	2	0	6
209	2	3	2	4	4	0	1	1	2	0	2	2	2	7
210	1	1	7	0	2	0	1	1	1	2	2	2	2	4
211	0	3	0	4	1	2	1	1	2	2	2	2	2	1
212	2	3	6	3	4	0	1	1	2	2	2	2	2	0
213	1	3	7	1	4	3	1	1	2	1	1	2	2	6
214	2	0	3	0	1	1	2	1	0	0	0	0	0	7
215	1	3	0	1	4	3	1	1	2	2	2	2	2	15
216	2	3	6	4	4	4	2	1	2	2	2	2	0	6
217	2	3	0	3	1	0	1	1	2	2	2	2	0	7
218	1	3	6	1	4	0	1	1	2	2	0	0	2	4
219	1	3	4	3	1	0	2	1	2	0	0	2	2	2
220	1	3	6	2	1	1	1	1	2	2	2	2	2	6
221	1	0	7	3	4	0	5	1	2	1	0	2	0	9
222	1	1	6	0	4	1	1	1	2	0	0	2	2	4
223	1	3	2	3	1	0	2	1	1	2	1	2	2	3
224	0	0	3	0	1	0	5	1	2	2	2	2	2	1
225	0	0	2	2	1	0	2	1	2	1	0	0	0	10
226	1	3	4	4	1	0	2	1	1	2	0	2	2	10
227	2	3	0	3	4	0	1	1	0	0	2	2	2	7
228	1	3	6	2	1	3	1	1	2	2	0	2	2	5
229	1	3	7	1	3	0	3	0	0	2	2	0	0	2
230	1	3	6	3	4	0	1	1	2	2	0	2	2	4
231	1	0	3	0	1	5	3	0	2	2	2	0	2	14
232	1	3	6	3	4	5	2	1	0	2	2	0	2	6
233	2	3	3	3	1	3	5	1	2	0	2	0	0	4
234	1	0	0	1	4	2	1	0	1	1	2	2	2	4
235	2	3	3	3	4	3	5	1	2	0	2	2	2	6
236	2	0	1	1	2	2	2	1	0	1	0	2	0	7
237	2	3	3	3	4	0	2	1	0	0	0	0	0	14
238	0	0	6	0	2	2	2	1	0	1	0	2	2	10
239	0	0	5	1	4	2	1	1	1	0	2	0	2	4
240	0	0	7	1	4	2	1	1	2	0	2	1	1	10
241	1	0	4	3	1	2	2	1	1	1	0	0	2	2
242	1	0	7	4	1	3	1	0	1	0	0	2	1	8
243	0	3	0	3	4	3	1	0	0	1	0	2	2	12
244	1	3	6	1	1	2	2	1	2	2	0	2	0	6
245	1	3	6	1	4	0	2	1	2	0	2	2	0	2
246	0	0	1	3	1	3	4	0	1	1	0	0	2	14
247	0	0	1	1	1	3	1	0	2	2	0	0	2	5
248	1	0	0	1	4	3	1	0	2	1	0	2	0	0
249	0	3	7	1	1	3	3	0	2	2	0	2	0	4
250	2	0	7	0	1	0	1	1	2	1	2	1	2	6
251	0	0	0	1	1	3	1	0	2	2	0	2	0	3
252	0	3	4	1	1	3	2	0	2	2	2	2	0	6
253	0	3	6	1	2	0	2	1	1	2	0	2	2	12
254	1	3	0	3	1	0	5	0	2	0	0	2	2	12
255	1	0	0	2	1	0	1	0	2	2	0	0	0	12
256	1	0	0	3	1	0	1	1	0	0	0	2	2	15
257	1	0	6	3	1	0	2	0	0	1	0	0	0	7
258	2	0	1	3	1	1	5	0	2	2	2	2	0	2
259	0	3	1	1	2	1	2	0	0	1	0	0	0	10
260	0	3	1	1	1	1	4	0	2	0	0	0	1	14
261	0	3	7	1	1	1	1	1	2	0	0	0	0	8
262	0	3	1	3	0	4	2	1	0	0	0	0	0	3
263	0	3	1	3	1	4	1	1	0	2	0	2	2	7
264	0	3	7	1	1	4	5	0	2	0	2	0	2	4
265	0	0	7	1	1	4	1	1	2	0	2	0	2	5
266	0	0	1	1	1	4	5	0	0	0	0	0	1	3
267	0	3	2	3	2	4	2	0	1	2	2	2	2	2
268	1	0	0	0	2	4	1	0	2	2	2	2	2	3
269	2	3	1	3	3	4	1	0	2	0	2	2	1	6
270	1	3	1	3	4	4	3	0	1	0	0	0	2	12
271	0	3	2	3	1	4	2	0	2	2	0	0	2	12
272	1	0	2	4	1	2	2	1	2	0	0	0	2	10
273	2	0	2	4	1	2	2	0	2	2	0	0	0	6
274	2	0	1	0	1	2	3	0	2	2	2	2	2	12
275	1	3	1	3	2	2	5	0	2	2	2	2	2	14
276	1	0	7	3	1	2	3	0	2	2	0	0	2	3
277	2	0	7	3	4	2	4	0	2	1	0	0	2	12
278	1	3	0	3	1	2	4	0	0	1	0	2	2	15
279	2	3	7	3	1	2	1	0	0	1	0	2	2	5
280	2	0	2	0	1	2	2	0	2	0	0	0	2	8
281	0	0	1	3	1	2	5	0	2	0	2	2	2	12
282	1	0	3	2	1	2	3	0	2	0	0	2	0	0
283	0	3	3	1	1	2	2	0	0	0	0	2	0	6
284	1	0	1	1	4	2	3	0	2	2	0	2	1	12
285	0	0	4	3	2	2	2	0	2	0	0	0	0	9
286	2	3	3	4	4	1	2	1	0	0	0	2	0	12
287	2	3	3	4	4	1	2	1	2	2	0	0	0	7
288	2	3	3	4	1	3	2	1	2	2	2	2	0	6
289	1	3	3	4	1	1	2	1	2	0	0	2	0	6
290	1	3	3	4	4	0	2	1	2	0	0	2	2	14
291	2	3	3	4	4	2	2	1	2	2	0	0	0	4
292	1	3	3	4	1	0	2	1	2	2	2	2	0	5
293	1	3	3	4	1	0	2	1	2	2	2	2	0	14
294	2	3	3	4	4	3	2	1	2	2	2	2	0	7
295	1	3	3	4	1	5	2	1	2	2	2	0	0	15
296	1	3	3	4	1	3	2	1	0	2	2	2	0	15
297	1	3	3	4	1	3	2	1	2	2	0	0	0	5
298	1	3	3	4	4	3	2	1	2	2	2	2	0	4
299	2	3	3	4	1	4	2	1	2	2	0	0	0	7
300	2	3	3	4	4	5	2	1	2	0	1	0	0	3
301	1	3	3	4	1	3	2	1	2	2	2	1	2	7
302	2	3	3	4	1	3	2	1	2	0	2	1	0	3
303	2	3	3	4	4	0	2	1	2	2	2	2	0	6
304	1	3	3	4	1	4	2	1	2	2	2	0	2	6
305	1	3	3	4	1	0	2	1	2	1	1	0	0	6
306	2	3	2	3	1	0	1	1	1	1	0	0	2	9
307	1	3	4	3	1	2	2	1	0	0	0	0	0	6
308	1	3	2	3	4	0	2	1	2	2	2	2	2	6
309	0	3	0	4	2	2	2	1	0	1	0	0	0	3
310	1	3	2	3	1	0	2	1	2	0	1	0	1	7
311	2	0	0	2	2	2	1	1	0	0	2	0	0	4
312	1	3	2	3	1	0	1	1	1	1	2	2	0	10
313	2	0	3	0	2	0	3	1	0	0	0	0	0	6
314	2	3	2	3	4	1	1	1	2	0	2	0	2	5
315	1	3	2	3	1	2	1	1	2	1	2	1	0	1
316	1	0	3	4	2	0	5	1	0	0	0	2	2	8
317	1	3	2	3	1	0	2	1	2	2	0	2	2	6
318	1	3	2	3	2	0	1	1	2	2	2	2	2	4
319	2	3	2	3	1	1	1	1	1	2	0	0	0	12
320	0	3	2	3	1	0	2	1	2	1	2	2	1	2
321	0	0	2	1	4	3	4	0	0	2	0	0	2	14
322	0	0	2	0	1	2	2	0	2	1	1	1	1	3
323	2	3	0	0	2	5	1	0	2	1	2	2	2	13
324	2	0	3	2	1	2	3	1	2	0	0	2	0	13
325	2	0	5	4	1	3	3	1	2	0	0	2	1	13
326	0	3	0	4	4	3	1	1	2	0	2	1	2	13
327	2	3	3	1	4	3	3	1	2	2	1	2	2	7
328	2	3	3	1	1	3	5	1	1	0	2	0	0	7
329	2	3	3	1	1	2	3	1	2	0	0	0	1	6
330	2	3	3	1	1	2	5	1	2	0	2	2	2	6
331	2	3	3	1	1	2	3	1	2	0	2	2	1	3
332	2	3	3	1	4	2	3	0	1	2	0	0	2	12
333	2	3	3	1	1	2	3	0	0	2	2	2	2	14
334	2	3	3	1	1	2	3	1	1	2	2	0	2	7
335	2	3	3	1	2	2	3	0	2	2	2	1	2	7
336	2	3	3	1	2	2	3	0	2	2	2	0	2	4
337	1	3	7	3	1	2	5	1	0	0	2	2	0	0
338	1	3	7	3	1	2	1	1	2	2	1	2	2	2
339	2	3	7	3	4	2	5	1	0	0	2	2	2	6
340	1	3	7	3	2	2	5	1	0	0	0	0	0	6
341	2	3	7	3	4	2	5	1	2	1	1	1	2	3
342	2	3	1	3	2	2	5	1	0	0	0	0	0	6
343	1	3	7	3	1	2	5	1	2	2	2	2	2	4
344	2	3	0	3	1	2	2	1	0	1	0	0	2	6
345	0	3	5	3	4	2	1	1	2	0	0	0	2	6
346	1	3	7	3	4	2	5	1	2	2	2	2	1	11
347	0	0	0	2	2	0	5	1	0	1	2	0	2	2
348	1	3	7	3	1	5	1	1	2	0	2	1	0	4
349	0	3	1	1	1	0	2	0	1	0	1	2	0	12
350	1	3	7	3	1	2	5	0	2	1	2	2	1	6
351	1	0	3	2	1	2	2	1	0	2	2	0	2	6
352	0	0	3	1	1	3	3	1	0	0	0	0	0	1
353	0	0	7	4	1	3	1	1	2	0	2	1	1	12
354	2	3	3	3	2	2	2	1	0	0	0	0	0	8
355	0	0	1	1	2	3	4	0	2	2	0	1	1	11
356	1	3	0	3	1	2	5	1	0	2	0	0	0	2
357	1	3	4	1	2	0	2	0	0	1	0	2	0	3
358	1	3	7	3	1	2	5	1	2	0	2	0	2	0
359	1	3	7	3	1	2	1	0	1	0	2	2	1	7
360	1	3	4	1	2	3	2	0	2	2	0	2	1	2
361	2	0	3	4	2	2	2	1	0	2	0	0	0	6
362	1	3	0	3	4	2	2	1	0	0	0	0	2	6
363	1	3	1	2	1	2	1	1	2	2	1	2	0	2
364	1	3	1	2	4	2	1	1	2	1	2	2	2	4
365	1	3	1	2	2	2	1	1	2	2	0	2	1	6
366	2	3	4	1	2	2	2	1	0	2	0	0	0	12
367	1	3	1	2	1	2	1	1	2	2	2	2	2	4
368	1	3	0	3	1	3	1	0	0	1	0	1	2	14
369	1	3	1	2	1	2	1	1	2	1	2	2	2	5
370	2	3	1	4	1	0	3	1	0	0	0	0	0	6
371	1	3	6	3	1	3	1	0	0	1	1	0	2	5
372	0	3	1	2	4	2	1	1	0	2	2	2	2	6
373	2	3	6	1	2	3	2	1	0	0	0	0	2	6
374	1	0	6	1	4	3	1	0	2	0	2	0	2	14
375	1	0	1	2	1	0	3	1	0	0	2	0	2	6
376	1	0	1	3	1	0	5	1	0	2	0	0	2	6
377	1	3	2	4	1	3	1	0	2	2	0	0	1	4
378	2	0	1	2	2	0	0	1	0	0	0	0	0	6
379	0	3	2	1	1	1	2	0	1	0	2	1	2	0
380	2	0	1	2	1	2	3	1	2	0	0	0	0	6
381	2	3	2	3	2	2	2	1	0	2	0	0	0	6
382	1	3	1	2	1	2	1	1	2	0	2	1	0	3
383	1	3	0	1	1	4	1	0	0	1	0	0	1	9
384	1	3	1	1	4	2	5	1	0	0	0	0	0	6
385	1	3	1	2	1	2	1	1	2	0	0	2	2	4
386	1	3	1	1	2	2	1	1	0	2	0	0	0	6
387	1	3	1	2	1	2	1	0	2	2	2	2	2	3
388	1	3	0	1	1	4	1	0	0	2	0	0	2	2
389	0	3	1	4	1	2	5	1	0	2	0	0	0	6
390	1	0	4	4	2	0	2	1	0	2	0	0	0	6
391	1	3	1	2	4	2	1	1	2	2	0	1	2	2
392	1	3	7	3	1	4	1	0	2	0	2	2	2	8
393	2	0	1	2	2	2	3	1	0	0	0	0	0	6
394	0	3	6	4	1	4	1	0	1	1	0	2	1	3
395	1	0	2	0	2	2	2	1	0	2	0	0	0	4
396	1	3	1	4	2	2	3	1	0	0	0	0	0	6
397	1	3	6	1	1	4	1	0	2	0	2	1	1	3
398	2	0	7	4	1	2	5	1	0	2	0	0	2	6
399	0	3	1	4	1	2	5	1	0	0	0	0	0	6
400	2	3	2	1	1	5	2	0	2	2	2	0	2	7
401	2	3	1	4	1	2	3	1	0	0	0	0	0	6
402	1	0	7	0	2	1	5	1	0	0	2	0	2	6
403	1	3	2	3	1	0	2	0	2	0	0	0	2	5
404	2	0	1	4	2	5	3	1	0	0	0	0	0	6
405	1	3	1	1	2	2	5	1	0	2	0	0	0	6
406	1	3	0	1	1	5	1	0	2	0	0	0	1	15
407	0	3	1	4	4	2	5	1	2	1	2	2	2	14
408	2	3	6	3	1	2	3	1	0	0	0	0	0	6
409	1	3	0	1	1	0	1	0	2	0	2	1	1	11
410	1	3	1	4	1	2	5	1	1	2	2	0	2	12
411	1	3	1	1	2	0	3	1	0	2	0	0	0	6
412	2	3	1	4	4	2	5	1	1	1	0	2	0	7
413	1	0	6	2	2	2	3	1	0	0	0	0	0	7
414	0	3	1	4	1	2	1	1	0	0	0	1	2	3
415	1	3	2	1	1	0	2	0	2	0	0	0	2	6
416	0	3	0	3	2	0	1	1	0	0	0	0	0	6
417	2	3	6	2	1	2	3	1	0	0	0	2	2	5
418	1	3	0	1	1	0	2	0	2	2	0	0	2	13
419	0	0	6	4	1	2	5	1	0	0	0	0	0	6
420	1	3	1	4	1	2	1	1	0	2	0	2	2	2
421	2	3	6	4	1	2	5	1	0	0	0	0	0	6
422	1	3	1	4	4	2	1	0	1	2	0	0	1	7
423	1	3	6	3	1	2	3	1	0	0	0	0	2	6
424	2	0	3	3	1	2	3	1	2	0	0	0	0	6
425	2	3	1	4	2	2	1	0	2	2	2	2	2	4
426	2	0	6	4	1	2	3	1	0	0	0	0	0	6
427	2	3	1	4	1	2	1	1	0	1	2	2	0	8
428	0	3	1	4	1	2	1	1	2	2	2	2	2	2
429	1	3	6	4	1	2	3	1	0	0	0	1	2	7
430	1	3	1	4	1	2	1	1	2	0	2	0	2	14
431	2	0	6	4	1	2	3	1	0	0	2	0	0	7
432	1	3	6	3	1	2	3	1	1	0	0	0	0	5
433	0	3	6	4	1	2	3	1	0	0	0	0	1	6
434	1	3	6	4	1	2	3	1	2	0	0	0	0	6
435	0	0	6	2	1	2	3	1	2	2	2	0	0	12
436	1	3	6	1	1	2	5	1	0	2	1	0	1	6
437	2	0	6	4	1	2	5	1	0	0	0	0	0	6
438	2	0	6	4	1	2	5	1	0	2	0	2	2	5
439	1	0	6	2	1	2	3	1	0	0	2	1	2	6
440	1	3	6	3	1	2	5	1	0	1	2	0	0	6
441	2	3	6	3	4	2	5	1	2	2	2	0	0	6
442	1	3	6	3	4	2	5	1	0	1	2	0	0	6
443	1	3	6	4	1	2	5	1	0	2	0	0	0	6
444	2	3	6	4	4	2	3	1	0	2	2	0	0	0
445	1	3	6	4	4	2	5	1	0	2	1	0	0	3
446	0	3	6	3	1	2	3	1	0	0	0	1	2	5
447	0	3	0	3	1	0	3	1	0	2	2	2	2	9
448	1	3	0	3	1	0	3	1	0	0	0	0	2	1
449	0	0	0	2	1	0	5	1	0	0	0	2	2	6
450	1	0	0	3	1	0	3	1	2	0	0	0	0	14
451	1	0	0	4	1	0	5	1	2	2	0	0	2	13
452	1	3	6	3	1	2	1	1	0	2	2	2	2	10
453	1	3	6	3	1	2	1	1	1	2	1	2	2	4
454	1	3	6	3	4	2	1	1	0	2	2	2	2	10
455	2	3	6	3	2	2	1	1	0	1	2	2	2	6
456	1	3	6	3	1	2	1	1	1	2	2	1	0	6
457	1	3	6	3	1	2	1	1	2	2	2	0	0	0
458	1	3	6	3	4	2	1	1	2	2	1	0	0	15
459	1	3	6	3	1	2	1	1	1	2	2	1	2	12
460	1	3	6	3	1	5	1	1	2	2	1	2	1	1
461	1	3	6	3	1	5	1	1	2	1	2	1	1	3
462	1	3	0	4	1	2	1	1	2	2	1	1	0	0
463	2	3	0	4	4	2	1	1	1	2	2	2	2	14
464	1	3	0	4	1	2	1	1	2	2	1	2	0	14
465	2	3	0	4	1	2	1	1	2	1	1	2	2	6
466	2	3	0	4	4	2	1	1	2	2	2	1	0	2
467	1	3	0	4	1	2	1	1	1	1	2	2	2	13
468	1	3	0	4	1	2	1	1	1	1	2	2	2	6
469	1	3	0	4	4	2	1	1	2	2	1	2	2	15
470	1	3	0	4	1	2	1	1	2	2	2	2	0	9
471	1	3	0	4	1	2	1	1	2	1	2	2	2	7
472	2	3	1	2	1	0	2	1	1	0	0	2	0	3
473	0	3	1	2	4	0	2	1	1	2	2	2	2	0
474	1	3	1	2	4	0	2	0	2	0	2	0	1	12
475	0	3	1	2	1	0	2	0	2	2	0	1	0	6
476	0	3	1	2	1	0	2	1	2	2	1	0	0	4
477	1	3	1	2	4	0	2	1	2	0	1	0	2	2
478	1	3	1	2	1	0	2	1	2	0	2	0	1	2
479	1	3	1	2	1	0	2	0	2	2	2	2	2	14
480	1	3	1	2	4	0	2	0	2	2	2	2	2	4
481	0	3	1	2	1	0	2	1	0	2	2	1	1	2
482	1	3	0	4	1	3	1	1	2	0	2	2	2	5
483	1	3	0	4	1	3	1	1	0	0	2	2	1	7
484	1	3	0	4	1	3	1	0	1	2	2	2	0	7
485	1	3	0	4	1	3	1	1	2	1	1	1	2	1
486	1	3	0	4	2	3	1	1	1	1	2	2	2	2
487	1	3	0	4	1	3	1	1	2	2	2	0	2	13
488	1	3	0	4	1	3	1	1	2	0	2	0	2	6
489	0	3	0	4	1	3	1	1	2	2	2	1	1	2
490	0	3	0	4	4	3	1	1	1	2	1	0	2	2
491	0	3	0	4	1	3	1	0	1	1	1	0	2	4
492	2	3	3	4	1	3	2	1	2	2	2	1	0	4
493	2	0	7	2	2	1	5	1	0	2	0	2	0	6
494	2	3	3	4	1	3	2	1	2	2	1	0	0	4
495	2	0	3	2	1	2	5	1	0	2	0	0	0	6
496	2	3	3	4	4	3	2	1	2	1	2	1	0	7
497	2	3	3	3	1	2	5	1	0	0	0	0	0	6
498	2	3	0	1	2	0	5	1	0	2	0	2	2	2
499	2	3	3	4	1	3	2	1	2	2	2	2	0	6
500	0	3	1	1	2	0	5	1	0	0	0	0	0	6
501	1	3	3	4	1	3	2	0	2	2	0	0	0	12
502	2	3	3	4	1	3	2	0	1	1	2	2	0	3
503	2	0	1	0	2	2	3	1	0	2	0	0	0	6
504	2	3	3	4	4	3	2	0	1	2	2	2	2	6
505	2	3	3	4	4	3	2	0	1	2	1	2	2	6
506	2	3	3	4	4	3	2	0	2	2	1	2	0	6
507	0	3	3	4	4	3	2	1	2	0	2	2	0	2
508	2	3	3	4	4	3	2	1	1	2	2	0	0	7
509	2	3	3	4	1	3	2	1	2	1	2	0	0	6
510	2	1	4	0	2	3	2	1	0	2	2	2	2	6
511	1	1	4	0	1	3	2	1	0	0	2	0	0	7
512	1	1	4	4	2	2	0	1	2	2	0	0	0	9
513	1	0	4	3	0	2	0	0	2	0	2	0	0	3
514	2	1	4	0	4	2	2	1	2	0	2	0	0	2
515	1	2	4	0	1	0	4	0	2	0	2	2	0	0
516	1	0	7	0	0	0	1	0	2	0	2	2	0	9
517	1	0	0	0	4	0	2	1	2	2	2	0	2	1
518	2	0	3	0	3	4	2	1	0	1	0	0	0	1
519	2	3	5	3	3	0	1	0	2	1	2	2	0	12
520	1	1	1	0	1	0	2	0	0	2	0	2	2	6
521	2	1	3	0	4	0	2	0	0	0	0	0	0	3
522	1	0	1	0	4	1	2	1	2	0	0	0	0	9
523	1	1	0	0	4	0	1	0	0	0	0	0	0	15
524	1	0	4	0	4	2	2	1	2	0	0	0	0	15
525	1	0	4	0	2	2	2	1	0	0	2	0	0	4
526	2	3	3	3	1	0	2	1	0	2	0	0	0	4
527	2	0	4	4	0	4	2	0	0	0	2	2	2	9
528	1	3	4	4	1	1	2	0	0	0	2	1	0	10
529	1	1	4	0	4	3	2	0	2	0	1	2	0	8
530	1	1	4	0	4	3	2	1	2	0	2	2	0	4
531	1	3	4	4	1	4	2	1	2	1	0	2	0	3
532	1	0	2	0	4	3	1	1	2	0	1	2	2	2
533	1	0	2	0	1	3	2	1	2	0	0	0	2	4
534	1	3	4	4	2	0	2	1	0	0	2	2	0	5
535	1	0	2	0	1	3	2	1	0	2	2	2	2	2
536	2	0	2	0	4	3	1	0	0	1	0	0	2	0
537	1	0	2	0	1	3	2	1	2	2	0	2	2	0
538	1	3	1	4	1	0	1	1	0	2	0	0	0	0
539	1	3	4	4	1	0	2	0	2	1	2	2	2	5
540	1	2	1	0	1	0	1	1	0	1	0	0	0	1
541	1	0	0	2	4	0	1	1	2	2	0	2	0	7
542	2	3	3	4	3	4	2	1	2	2	2	2	2	11
543	2	3	3	4	4	0	2	1	2	2	2	2	0	11
544	2	3	4	0	1	0	2	0	2	2	2	0	2	9
545	2	0	1	0	1	0	5	1	0	1	2	2	0	8
546	1	3	4	0	1	0	2	1	0	0	2	0	0	12
547	2	0	4	0	2	0	2	1	1	2	2	2	1	13
548	1	3	4	2	4	3	2	0	2	1	0	2	0	2
549	0	0	2	0	1	3	1	1	0	0	0	2	1	1
550	1	3	4	0	1	0	2	0	0	2	2	2	0	13
551	1	3	4	0	1	0	2	1	0	1	2	2	0	13
552	1	0	4	2	4	4	2	0	0	1	0	0	0	5
553	2	3	4	2	4	3	2	0	2	0	0	0	0	5
554	1	3	4	0	1	0	2	1	0	2	2	0	0	13
555	1	0	4	0	1	0	2	0	0	2	0	2	0	12
556	1	1	7	0	4	0	2	1	2	2	2	2	1	13
557	1	0	5	0	4	0	5	0	2	1	1	1	0	3
558	1	3	4	4	1	0	2	1	2	0	0	2	2	9
559	1	3	0	3	3	4	1	1	1	0	0	0	0	1
560	1	3	4	0	1	0	2	1	1	0	2	2	2	9
561	1	3	4	4	1	1	2	0	2	2	2	0	0	5
562	1	3	4	0	1	3	2	0	0	1	1	2	0	8
563	0	3	4	0	4	0	2	1	2	2	2	0	2	9
564	0	3	4	4	4	1	2	1	0	2	2	2	2	13
565	1	3	3	2	4	2	2	1	2	2	2	1	0	14
566	2	0	2	0	1	3	2	0	0	2	2	2	1	9
567	1	0	1	0	1	0	1	1	2	1	2	0	0	8
568	1	0	2	0	4	3	1	1	0	0	0	0	0	0
569	1	3	4	3	1	3	2	1	0	2	2	2	2	5
570	1	0	2	0	4	3	2	1	2	0	0	0	2	9
571	1	3	4	0	2	0	2	0	2	2	0	0	0	9
572	0	0	7	0	1	0	5	0	0	1	1	0	2	10
573	1	3	4	0	1	0	2	0	2	0	2	0	2	7
574	1	1	3	0	4	0	2	0	0	2	2	0	0	2
575	1	1	7	0	1	5	2	1	2	1	2	2	2	12
576	1	2	7	0	1	0	1	0	2	1	1	1	2	1
577	1	1	4	0	4	0	2	1	1	1	2	2	2	0
578	2	1	3	0	4	3	2	1	0	1	1	2	0	10
579	2	0	3	0	1	0	2	0	0	2	0	2	0	8
580	2	1	3	0	3	0	3	1	0	0	0	0	0	2
581	1	1	3	0	4	0	2	0	0	1	2	2	2	7
582	1	3	4	2	2	0	2	1	0	2	2	0	2	0
583	2	2	3	0	1	1	2	0	0	2	0	2	2	7
584	1	0	2	0	2	3	2	1	0	0	2	0	2	8
585	1	3	1	4	2	3	2	0	0	1	0	1	0	3
586	2	0	4	0	4	0	2	1	0	2	1	2	2	5
587	2	1	3	0	4	0	2	0	0	2	0	0	0	5
588	1	0	0	0	1	3	2	1	0	1	0	0	0	1
589	2	0	3	0	1	0	2	0	0	1	2	2	0	7
590	1	1	0	0	4	0	2	1	0	1	0	0	0	9
591	1	1	6	0	3	0	2	0	0	1	2	2	0	13
592	1	0	6	0	1	5	2	1	2	0	2	2	2	8
593	2	1	5	0	4	3	1	1	2	1	2	2	2	15
594	1	1	1	0	1	4	2	0	2	0	2	0	1	9
595	1	1	0	0	3	1	1	0	0	1	0	0	0	13
596	2	1	4	0	1	0	2	0	2	0	0	0	0	6
597	1	1	7	0	3	1	3	0	0	2	2	0	2	8
598	1	3	0	1	4	4	5	1	0	2	0	0	2	13
599	1	0	1	0	4	5	2	0	0	0	0	0	0	13
600	1	0	3	2	3	3	2	0	0	2	0	0	2	12
601	2	2	5	0	1	0	2	1	0	1	2	0	0	8
602	1	1	0	0	2	0	2	0	2	0	2	2	2	14
603	1	3	3	1	2	2	2	0	0	1	0	0	0	1
604	1	3	3	3	4	2	2	1	2	0	0	0	0	14
605	1	3	3	1	1	0	2	0	2	2	2	2	0	11
606	1	3	3	1	4	4	2	0	0	1	0	2	0	13
607	2	3	3	3	2	1	2	0	2	1	2	2	2	0
608	2	3	3	3	3	5	2	1	0	2	2	0	0	3
609	1	3	3	1	4	0	2	1	1	1	0	2	0	5
610	2	3	3	3	4	0	2	0	2	0	2	2	0	9
611	1	3	3	3	4	0	2	1	2	0	2	2	0	5
612	1	3	3	1	4	4	2	0	2	2	2	2	0	5
613	2	3	3	3	2	0	2	1	0	2	0	2	0	1
614	0	3	3	3	4	5	2	1	2	2	2	2	2	5
615	1	3	3	1	3	0	2	1	2	2	0	2	2	6
616	1	3	3	1	1	1	2	1	0	0	0	0	0	4
617	2	3	3	1	4	4	2	1	0	0	0	0	2	8
618	1	3	3	1	1	3	2	1	2	2	2	0	2	9
619	1	3	3	1	3	5	2	0	2	1	0	2	2	13
620	2	3	3	1	1	0	2	1	0	1	0	2	2	11
621	1	3	3	3	4	0	2	0	0	0	0	2	0	4
622	1	3	3	3	1	4	2	0	0	2	0	0	0	5
623	1	3	3	1	4	4	2	1	2	2	0	0	0	7
624	2	3	3	1	4	0	2	0	2	2	2	2	2	14
625	2	3	3	3	4	4	2	1	0	1	2	2	2	13
626	1	3	3	3	3	2	2	1	2	2	2	2	2	1
627	2	3	3	1	2	1	2	1	0	1	2	2	0	10
628	1	3	3	3	4	1	2	1	0	1	2	2	0	7
629	2	3	3	3	1	0	2	1	0	0	0	0	0	1
630	1	1	0	0	3	4	1	1	0	0	0	0	0	5
631	1	3	3	3	4	3	2	1	0	2	2	0	0	0
632	2	3	3	3	3	0	2	1	0	1	0	0	0	1
633	1	3	3	3	4	0	2	1	2	2	0	2	0	3
634	2	3	3	4	3	3	2	1	1	2	0	2	0	15
635	1	3	3	4	4	0	2	0	1	0	2	2	2	11
636	1	3	3	1	1	0	2	1	0	2	2	2	0	1
637	2	3	3	1	2	0	2	0	0	1	1	2	2	9
638	1	3	3	1	1	3	2	1	0	1	2	2	2	1
639	1	3	3	1	1	0	2	1	2	2	2	2	0	0
640	1	3	3	3	4	4	2	0	0	1	0	2	0	15
641	2	3	3	3	3	1	2	1	0	2	2	0	0	6
642	1	3	3	3	3	5	2	0	2	2	2	2	0	1
643	1	3	3	1	1	4	2	0	2	1	0	2	2	14
644	0	3	3	3	4	1	2	1	0	2	2	1	0	11
645	1	3	3	3	1	0	2	1	2	0	0	2	2	4
646	1	3	3	1	3	0	2	0	2	1	0	2	2	10
647	2	3	3	1	4	0	2	1	2	2	0	2	2	13
648	2	3	3	1	1	5	2	0	0	0	0	0	0	13
649	2	3	3	4	4	0	2	1	2	1	0	0	0	10
650	2	3	3	3	1	3	2	0	0	2	0	2	2	9
651	2	3	3	3	2	0	2	0	0	2	0	2	0	13
652	2	3	3	1	1	1	2	1	0	2	0	0	0	4
653	2	3	3	1	4	4	2	0	0	2	2	2	0	11
654	2	3	3	1	2	0	2	0	2	0	2	2	2	13
655	1	3	3	1	1	0	2	1	0	2	2	2	2	0
656	1	3	3	1	3	1	2	1	0	2	0	2	0	7
657	2	3	3	4	4	3	2	0	2	0	0	2	0	9
658	1	3	3	1	1	0	2	1	2	1	2	2	2	3
659	1	3	3	3	1	3	2	1	0	1	0	2	2	6
660	2	3	3	4	4	1	2	1	2	1	2	2	0	2
661	2	3	3	1	4	0	2	1	0	2	2	0	0	8
662	2	3	3	3	1	5	2	1	0	2	0	2	2	8
663	2	2	6	0	3	3	2	1	0	2	0	0	0	6
664	1	3	3	3	3	0	2	0	2	1	2	0	0	13
665	2	3	3	1	4	3	2	1	0	1	2	0	0	1
666	1	1	4	0	1	0	2	0	0	1	0	2	2	2
667	1	3	0	1	3	4	2	1	0	2	0	0	0	11
668	1	3	3	3	4	0	2	0	0	0	2	2	0	9
669	1	3	3	3	0	0	2	0	2	0	2	0	0	8
670	2	3	3	1	2	0	2	1	1	2	0	2	2	10
671	1	3	3	3	4	3	2	0	0	1	0	2	0	2
672	2	3	3	1	2	2	2	0	0	1	2	0	2	1
673	1	3	3	1	3	0	2	1	0	2	2	2	2	1
674	1	3	3	1	4	0	2	1	2	2	2	2	2	10
675	2	2	3	0	4	4	0	0	0	1	0	0	0	14
676	2	3	3	1	4	1	2	1	0	2	2	2	0	7
677	0	3	3	1	4	1	2	1	0	0	0	2	0	3
678	2	3	3	3	1	0	2	1	2	0	0	0	0	6
679	1	3	3	1	1	4	2	1	2	2	2	2	0	9
680	1	0	1	0	2	0	5	1	0	2	0	0	0	2
681	1	0	3	3	4	3	4	0	2	0	2	0	0	15
682	2	3	3	1	4	3	2	0	2	0	0	2	0	4
683	1	0	7	0	1	4	5	1	0	2	2	2	0	1
684	2	2	7	2	3	0	0	0	1	1	0	0	0	13
685	1	0	2	1	3	0	2	0	2	0	2	2	2	9
686	2	0	4	0	1	3	2	0	1	0	2	2	0	1
687	2	0	7	0	1	0	1	1	2	0	2	2	1	0
688	2	2	7	0	3	3	2	0	0	1	0	2	2	5
689	1	3	7	0	1	0	5	1	0	2	2	2	0	3
690	1	3	6	2	1	3	2	1	2	0	2	0	2	5
691	2	0	7	0	1	0	3	1	2	1	2	2	0	3
692	1	3	7	0	2	0	1	0	2	1	2	2	2	9
693	2	3	7	2	1	0	1	1	2	1	2	2	2	9
694	1	0	7	0	2	0	2	1	0	1	1	0	0	2
695	2	0	1	0	1	2	1	0	0	0	2	2	0	5
696	2	0	1	0	1	4	1	1	0	2	2	0	0	1
697	1	0	1	0	2	0	2	0	0	0	0	2	2	6
698	2	0	1	0	2	1	5	1	0	1	1	1	1	9
699	1	3	1	0	2	0	1	0	2	2	2	2	2	5
700	2	0	1	0	1	0	1	1	0	0	2	0	2	4
701	1	0	1	0	1	0	3	1	2	1	2	2	2	1
702	1	3	1	0	1	0	1	1	2	1	2	0	2	5
703	1	0	1	0	4	0	2	1	2	2	0	0	2	0
704	2	0	1	0	2	0	5	1	2	2	2	2	2	1
705	2	0	1	0	2	0	1	0	0	2	0	0	2	2
706	1	3	1	2	1	3	2	1	2	0	0	0	2	2
707	1	0	1	0	4	4	1	1	0	2	0	0	0	1
708	2	1	7	0	2	4	2	0	0	1	0	2	1	2
709	1	0	7	0	1	3	2	1	0	1	2	2	2	5
710	2	0	7	2	3	4	1	1	0	0	0	0	0	1
711	2	3	7	4	1	0	1	1	2	2	2	0	0	1
712	2	3	7	2	1	0	1	1	2	1	0	0	0	1
713	1	1	1	0	1	0	2	1	0	0	0	0	0	9
714	2	3	7	0	1	0	5	0	2	0	2	2	2	2
715	2	0	7	0	2	3	2	1	2	1	1	2	2	1
716	1	3	7	2	1	3	1	1	2	0	2	2	2	9
717	1	0	7	0	3	1	5	0	2	1	2	2	1	9
718	2	2	6	0	1	0	2	1	0	1	0	0	1	10
719	1	3	1	3	1	0	1	0	2	0	2	2	0	8
720	0	2	1	0	1	0	2	0	0	1	1	1	0	10
721	1	2	2	0	4	2	2	1	2	0	2	2	2	3
722	1	2	7	0	4	2	3	0	0	2	2	0	2	5
723	1	3	2	2	4	3	2	1	2	2	0	2	1	1
724	0	1	0	0	4	0	5	1	0	2	2	2	2	13
725	1	0	0	0	2	0	5	0	2	0	2	0	0	10
726	1	1	4	0	1	2	2	0	0	0	0	0	0	11
727	1	2	1	0	3	2	3	0	1	1	2	2	2	9
728	2	1	1	2	4	4	2	1	2	1	0	0	0	7
729	1	0	6	0	1	0	2	0	0	2	2	2	1	8
730	1	2	5	0	4	4	3	1	2	0	0	2	0	1
731	1	0	7	0	1	0	1	1	0	2	0	0	1	10
732	1	3	2	4	4	3	2	1	2	2	2	2	0	3
733	2	1	1	0	3	0	2	0	1	0	1	1	1	6
734	1	3	0	2	1	0	2	0	2	0	0	0	2	5
735	1	2	5	0	3	4	3	1	0	1	0	0	0	2
736	2	0	6	0	4	0	2	1	2	1	2	2	1	9
737	1	0	5	0	3	0	2	1	2	2	0	0	0	3
738	1	1	0	0	1	0	1	0	2	0	2	2	1	8
739	0	0	1	0	2	5	2	1	0	1	0	0	2	10
740	1	2	6	0	3	3	2	1	2	0	2	2	0	2
741	1	0	5	0	1	0	2	1	1	1	0	0	0	2
742	1	1	3	0	2	2	2	0	0	1	0	0	2	14
743	1	2	0	0	1	0	2	0	0	1	0	0	2	6
744	1	1	6	0	4	0	2	1	2	2	2	2	1	7
745	2	2	2	0	1	3	2	0	2	0	1	2	2	13
746	1	1	4	0	2	0	2	1	0	2	2	0	0	2
747	1	1	1	0	2	0	1	1	2	0	2	2	2	9
748	2	3	4	3	1	3	2	1	0	1	0	0	1	2
749	1	1	2	0	4	4	1	0	2	1	2	0	0	6
750	1	0	1	0	4	3	2	0	0	1	0	0	0	12
751	2	0	5	0	4	2	1	0	2	1	2	0	2	15
752	2	3	4	0	2	4	2	0	2	1	2	2	1	13
753	0	3	4	0	1	2	2	1	2	0	2	0	1	1
754	2	0	0	0	2	3	2	1	0	1	1	0	0	1
755	1	3	2	1	2	0	2	0	2	2	1	2	2	13
756	1	0	7	0	4	0	1	1	2	2	2	2	0	2
757	1	1	1	0	1	4	3	0	0	1	0	0	1	11
758	2	1	3	0	1	3	2	0	0	2	2	2	0	13
759	2	0	7	0	4	4	1	1	0	0	0	0	0	1
760	1	1	5	0	2	0	5	0	2	0	2	0	0	1
761	1	2	2	0	1	4	2	0	0	2	1	2	0	10
762	1	1	5	0	4	0	3	0	1	0	1	2	1	13
763	1	3	2	2	1	3	2	0	0	2	2	0	2	15
764	2	2	1	0	1	0	2	0	1	0	0	1	1	13
765	0	3	6	0	1	0	2	0	0	2	2	2	2	9
766	2	0	0	0	3	4	1	1	0	0	0	0	0	1
767	1	0	4	0	2	3	2	0	1	1	1	2	1	7
768	1	2	5	0	2	0	3	1	0	0	0	0	0	2
769	1	2	7	0	3	1	1	1	0	1	2	2	2	4
770	1	2	6	0	4	1	2	0	1	0	1	2	2	12
771	1	0	4	0	2	0	2	0	2	2	2	2	0	15
772	1	0	2	0	4	4	2	1	0	2	2	0	2	4
773	2	2	6	0	3	5	2	0	2	0	0	0	0	5
774	1	2	6	0	2	0	2	0	0	1	2	2	0	12
775	1	0	3	0	2	3	2	0	2	2	0	2	0	2
776	1	0	3	0	2	1	2	0	0	1	2	0	2	12
777	1	3	4	0	1	2	2	0	2	0	0	0	0	1
778	2	2	6	0	1	3	2	1	0	1	0	0	0	15
779	2	2	6	0	1	3	2	1	0	0	2	0	2	6
780	1	1	1	0	4	4	5	0	2	0	0	2	0	6
781	0	1	6	0	4	0	2	1	0	1	2	2	0	1
782	2	1	7	0	4	0	2	1	2	1	0	0	0	4
783	1	1	0	0	2	3	1	1	2	0	1	2	0	9
784	0	1	4	0	4	2	2	0	1	0	2	2	0	0
785	1	2	4	0	4	2	1	1	0	1	0	0	0	5
786	1	0	7	0	4	4	2	0	1	0	0	0	2	9
787	1	1	4	0	4	3	2	1	2	0	0	2	0	5
788	1	0	6	2	1	2	2	1	0	2	2	0	0	9
789	2	0	3	0	1	0	2	0	0	2	2	1	0	9
790	1	2	0	0	4	0	1	0	2	0	0	2	2	13
791	1	0	1	0	1	0	1	1	2	1	2	2	0	9
792	2	0	3	0	4	0	2	1	2	2	0	0	0	15
793	1	1	0	0	1	4	1	1	0	2	0	0	0	1
794	1	2	1	0	1	0	3	0	0	0	0	0	0	13
795	0	0	1	0	1	0	1	1	2	0	0	0	0	1
796	1	1	4	0	2	4	2	0	2	1	2	2	1	8
797	2	0	5	0	1	4	2	0	0	1	1	0	0	11
798	2	3	1	2	1	0	1	1	2	2	2	0	0	9
799	1	0	4	0	3	3	2	0	2	0	0	0	2	13
800	1	0	0	0	3	0	1	1	1	2	0	2	2	5
801	1	2	1	0	4	1	3	1	2	0	0	0	2	2
802	1	2	3	0	4	0	2	0	2	1	1	2	0	13
803	1	0	6	0	4	0	2	0	2	0	0	2	2	1
804	0	0	7	0	1	3	1	0	2	2	2	2	2	1
805	1	1	7	0	1	0	1	0	0	2	0	2	2	9
806	2	3	6	0	1	2	2	0	2	1	0	0	1	11
807	2	1	1	0	4	5	2	0	0	1	0	0	0	1
808	1	2	2	0	3	0	2	0	0	2	2	0	0	0
809	2	1	6	0	2	0	2	0	0	1	0	0	0	8
810	1	2	2	0	2	3	2	0	0	0	0	0	0	1
811	2	3	4	0	4	0	2	0	0	0	2	0	0	14
812	0	0	6	0	2	0	2	1	2	2	2	2	0	1
813	1	1	3	0	3	0	2	0	0	0	0	0	0	12
814	1	2	4	0	2	0	2	1	0	0	0	2	0	14
815	1	2	6	0	3	0	2	0	1	2	0	0	2	12
816	2	0	3	0	1	3	2	0	0	1	2	2	2	6
817	1	2	5	0	3	4	3	0	0	1	0	0	0	11
818	1	2	4	0	1	0	2	1	0	0	0	2	0	1
819	1	2	0	0	1	4	2	1	0	1	0	0	1	9
820	1	3	1	1	2	0	3	1	0	0	2	2	0	13
821	1	3	1	1	1	5	3	1	0	2	2	2	0	2
822	0	1	4	0	3	0	2	0	0	0	0	1	0	2
823	1	2	0	0	1	0	3	1	0	2	0	0	2	2
824	0	2	0	0	4	3	1	0	0	1	2	2	2	8
825	0	0	3	0	2	4	1	1	2	2	0	0	2	15
826	1	1	0	0	1	2	1	0	0	0	0	0	1	12
827	1	3	0	2	1	0	2	1	0	2	0	0	2	3
828	1	0	3	0	1	0	2	0	2	1	0	0	0	1
829	1	1	0	0	1	0	2	1	0	2	0	2	0	3
830	1	2	0	0	0	2	1	1	0	2	0	2	0	10
831	1	0	6	0	3	0	2	1	0	1	0	2	1	4
832	2	0	6	0	1	4	2	0	2	0	0	0	0	0
833	0	0	7	2	1	2	1	0	2	1	2	2	2	11
834	1	0	0	0	3	4	1	0	0	1	0	0	0	8
835	1	0	6	0	3	4	2	0	2	2	0	0	2	12
836	2	1	5	0	1	0	2	0	0	1	1	2	0	1
837	1	2	2	0	4	0	3	0	0	2	0	0	0	1
838	1	0	4	0	1	2	2	0	2	2	2	0	2	4
839	1	2	0	0	2	4	2	1	0	1	0	0	0	1
840	1	2	7	0	1	0	2	1	0	1	2	2	2	2
841	1	1	4	0	4	2	2	1	2	0	2	2	2	10
842	1	0	2	0	4	0	2	0	0	2	1	0	0	4
843	0	1	4	0	1	3	2	0	2	0	0	0	0	15
844	2	2	3	0	4	0	2	0	2	0	0	2	0	10
845	1	1	4	0	1	0	2	0	2	1	2	2	0	4
846	1	3	4	0	3	0	2	1	2	0	0	0	1	6
847	1	1	1	0	4	3	3	1	2	2	2	2	0	0
848	1	1	0	0	4	4	1	1	0	0	0	0	0	5
849	2	2	4	0	1	1	2	0	0	0	0	0	0	6
850	0	1	7	0	1	0	2	1	2	1	1	1	1	4
851	2	1	5	0	1	0	2	0	0	0	0	0	0	3
852	2	3	3	1	2	5	1	1	0	0	0	0	0	1
853	1	3	3	1	2	0	2	0	2	2	1	2	1	11
854	1	3	0	1	1	0	2	1	0	2	2	2	2	2
855	1	3	3	1	3	0	2	0	1	2	1	0	0	8
856	1	3	7	1	4	0	1	1	2	0	2	2	2	10
857	1	3	3	1	1	2	2	1	2	0	2	2	0	9
858	1	3	1	3	1	0	2	1	1	1	2	2	0	1
859	0	3	3	1	3	0	2	1	2	2	0	0	2	0
860	1	3	0	3	1	0	2	0	0	1	0	2	2	9
861	1	3	1	1	4	2	1	1	2	0	0	0	2	1
862	1	3	1	1	1	2	5	0	0	2	0	0	0	11
863	1	3	1	4	1	3	3	1	0	1	0	0	0	3
864	2	3	1	1	1	3	4	0	0	1	2	0	0	1
865	1	3	1	3	3	5	1	0	2	2	2	2	2	8
866	2	3	1	3	4	4	5	0	2	0	2	2	2	9
867	1	3	1	1	2	0	1	1	2	0	0	0	0	0
868	1	3	1	1	2	0	1	1	2	0	0	0	0	0
869	2	3	1	1	3	4	4	0	2	1	2	0	0	1
870	2	3	5	1	1	4	2	0	2	2	2	2	0	3
871	1	3	5	3	2	1	2	1	2	0	2	2	0	11
872	1	3	5	1	4	0	1	1	2	1	0	0	0	11
873	2	3	5	1	3	0	1	1	2	2	0	0	0	0
874	2	3	5	1	2	0	5	1	0	2	2	0	0	1
875	2	3	5	3	3	5	1	0	2	2	2	2	2	9
876	1	3	1	1	2	2	1	0	2	2	0	0	0	2
877	1	3	0	2	1	0	1	0	2	0	2	2	2	9
878	1	3	0	1	4	0	5	0	2	2	1	2	0	1
879	2	3	0	1	4	0	1	1	0	2	2	0	0	1
880	2	3	0	0	1	0	1	1	0	1	1	2	0	0
881	1	3	0	2	2	0	2	1	0	2	2	0	0	1
882	1	3	0	1	3	1	2	1	2	0	2	2	0	2
883	2	3	0	2	1	0	1	1	2	1	1	2	1	1
884	1	3	1	1	1	0	5	0	2	2	0	0	0	11
885	2	3	1	1	2	0	5	0	0	0	0	0	0	8
886	2	3	5	3	2	5	1	0	0	2	2	0	2	9
887	2	3	5	3	4	5	2	1	1	2	0	0	0	3
888	2	3	0	2	1	0	1	1	2	0	2	0	0	0
889	2	3	5	1	3	0	2	0	2	2	0	2	0	1
890	1	3	2	3	2	0	2	0	0	0	2	0	2	11
891	0	3	1	1	1	2	1	1	2	2	1	0	0	10
892	1	3	0	4	1	0	2	1	0	2	1	2	0	9
893	2	3	1	1	4	0	5	1	2	2	2	2	2	2
894	2	3	1	1	1	4	1	1	0	2	2	0	0	10
895	1	3	1	1	1	1	1	1	2	0	0	0	0	3
896	2	3	1	1	2	0	5	1	0	0	0	0	0	10
897	1	3	1	3	2	2	5	1	2	0	0	2	0	8
898	1	3	1	1	1	1	2	0	0	1	2	0	0	8
899	1	3	1	1	1	2	2	0	2	0	2	2	0	10
900	1	3	0	0	2	0	1	1	2	2	0	0	2	10
901	1	3	5	1	3	0	1	1	2	0	0	2	0	2
902	2	3	0	2	1	0	1	0	2	1	0	0	2	10
903	1	3	1	3	2	0	5	1	0	0	0	0	0	10
904	2	3	1	1	1	2	1	1	0	2	2	0	0	11
905	1	3	0	0	1	5	2	1	2	2	2	2	0	8
906	0	1	7	0	4	0	1	0	0	0	0	2	0	10
907	2	3	5	3	3	0	1	1	2	0	2	2	0	1
908	1	3	0	3	1	0	1	0	2	0	0	2	0	1
909	1	3	1	1	2	0	5	1	2	0	0	2	0	3
910	1	3	1	1	1	3	5	0	2	1	2	0	0	2
911	0	3	0	0	1	1	2	0	0	2	2	2	2	11
912	2	3	5	1	4	0	1	1	2	2	2	2	2	3
913	1	2	7	0	1	0	1	0	0	0	0	0	0	1
914	1	3	1	1	1	0	2	0	2	2	2	2	0	3
915	2	3	1	1	4	0	1	1	2	0	1	2	2	9
916	2	3	1	1	1	3	1	0	2	1	2	2	0	0
917	1	3	1	3	3	5	1	1	2	0	0	0	0	2
918	2	0	5	3	5	0	4	1	0	2	2	0	0	11
919	2	0	7	1	2	0	2	1	2	2	2	2	0	10
920	1	3	7	4	2	2	1	1	0	1	2	0	2	12
921	2	3	7	3	4	5	5	1	0	0	0	0	2	6
922	2	0	7	2	2	3	3	1	0	2	0	0	2	6
923	2	1	7	0	1	2	2	1	0	2	0	0	2	6
924	1	3	7	1	4	0	1	1	0	0	1	2	0	5
925	0	3	7	3	1	0	1	1	2	2	0	0	0	10
926	1	0	7	0	1	2	1	1	2	2	1	1	2	14
927	2	3	7	4	2	3	1	1	1	2	2	0	2	13
928	1	1	7	0	1	2	1	1	2	2	0	2	2	4
929	1	3	7	3	1	0	1	1	2	2	2	2	2	11
930	1	3	7	1	1	0	1	1	2	2	2	2	0	1
931	1	3	7	3	1	0	1	1	2	2	2	0	0	12
932	0	3	7	3	1	0	1	1	2	0	2	2	2	7
933	0	0	7	2	1	2	5	1	0	0	0	0	2	6
934	2	3	7	3	4	2	1	1	2	2	2	0	2	8
935	2	0	7	1	1	0	1	1	2	0	0	0	0	1
936	1	3	7	2	1	2	1	1	2	2	0	2	0	3
937	1	3	7	1	1	0	1	1	2	2	2	2	0	3
938	1	1	7	0	2	0	1	1	1	2	2	2	2	4
939	1	3	7	1	4	3	1	1	2	1	1	2	2	6
940	1	0	7	3	4	0	5	1	2	1	0	2	0	9
941	1	3	7	1	3	0	3	0	0	2	2	0	0	2
942	0	0	7	1	4	2	1	1	2	0	2	1	1	10
943	1	0	7	4	1	3	1	0	1	0	0	2	1	8
944	0	3	7	1	1	3	3	0	2	2	0	2	0	4
945	2	0	7	0	1	0	1	1	2	1	2	1	2	6
946	0	3	7	1	1	1	1	1	2	0	0	0	0	8
947	0	3	7	1	1	4	5	0	2	0	2	0	2	4
948	0	0	7	1	1	4	1	1	2	0	2	0	2	5
949	1	0	7	3	1	2	3	0	2	2	0	0	2	3
950	2	0	7	3	4	2	4	0	2	1	0	0	2	12
951	2	3	7	3	1	2	1	0	0	1	0	2	2	5
952	1	3	7	3	1	2	5	1	0	0	2	2	0	0
953	1	3	7	3	1	2	1	1	2	2	1	2	2	2
954	2	3	7	3	4	2	5	1	0	0	2	2	2	6
955	1	3	7	3	2	2	5	1	0	0	0	0	0	6
956	2	3	7	3	4	2	5	1	2	1	1	1	2	3
957	1	3	7	3	1	2	5	1	2	2	2	2	2	4
958	1	3	7	3	4	2	5	1	2	2	2	2	1	11
959	1	3	7	3	1	5	1	1	2	0	2	1	0	4
960	1	3	7	3	1	2	5	0	2	1	2	2	1	6
961	0	0	7	4	1	3	1	1	2	0	2	1	1	12
962	1	3	7	3	1	2	5	1	2	0	2	0	2	0
963	1	3	7	3	1	2	1	0	1	0	2	2	1	7
964	1	3	7	3	1	4	1	0	2	0	2	2	2	8
965	2	0	7	4	1	2	5	1	0	2	0	0	2	6
966	1	0	7	0	2	1	5	1	0	0	2	0	2	6
967	2	0	7	2	2	1	5	1	0	2	0	2	0	6
968	1	0	7	0	0	0	1	0	2	0	2	2	0	9
969	1	1	7	0	4	0	2	1	2	2	2	2	1	13
970	0	0	7	0	1	0	5	0	0	1	1	0	2	10
971	1	1	7	0	1	5	2	1	2	1	2	2	2	12
972	1	2	7	0	1	0	1	0	2	1	1	1	2	1
973	1	1	7	0	3	1	3	0	0	2	2	0	2	8
974	1	0	7	0	1	4	5	1	0	2	2	2	0	1
975	2	2	7	2	3	0	0	0	1	1	0	0	0	13
976	2	0	7	0	1	0	1	1	2	0	2	2	1	0
977	2	2	7	0	3	3	2	0	0	1	0	2	2	5
978	1	3	7	0	1	0	5	1	0	2	2	2	0	3
979	2	0	7	0	1	0	3	1	2	1	2	2	0	3
980	1	3	7	0	2	0	1	0	2	1	2	2	2	9
981	2	3	7	2	1	0	1	1	2	1	2	2	2	9
982	1	0	7	0	2	0	2	1	0	1	1	0	0	2
983	2	1	7	0	2	4	2	0	0	1	0	2	1	2
984	1	0	7	0	1	3	2	1	0	1	2	2	2	5
985	2	0	7	2	3	4	1	1	0	0	0	0	0	1
986	2	3	7	4	1	0	1	1	2	2	2	0	0	1
987	2	3	7	2	1	0	1	1	2	1	0	0	0	1
988	2	3	7	0	1	0	5	0	2	0	2	2	2	2
989	2	0	7	0	2	3	2	1	2	1	1	2	2	1
990	1	3	7	2	1	3	1	1	2	0	2	2	2	9
991	1	0	7	0	3	1	5	0	2	1	2	2	1	9
992	1	2	7	0	4	2	3	0	0	2	2	0	2	5
993	1	0	7	0	1	0	1	1	0	2	0	0	1	10
994	1	0	7	0	4	0	1	1	2	2	2	2	0	2
995	2	0	7	0	4	4	1	1	0	0	0	0	0	1
996	1	2	7	0	3	1	1	1	0	1	2	2	2	4
997	2	1	7	0	4	0	2	1	2	1	0	0	0	4
998	1	0	7	0	4	4	2	0	1	0	0	0	2	9
999	1	3	7	4	2	2	1	1	0	1	2	0	2	12
1000	2	3	7	3	4	5	5	1	0	0	0	0	2	6
1001	2	0	7	2	2	3	3	1	0	2	0	0	2	6
1002	2	1	7	0	1	2	2	1	0	2	0	0	2	6
1003	1	3	7	1	4	0	1	1	0	0	1	2	0	5
1004	0	3	7	3	1	0	1	1	2	2	0	0	0	10
1005	1	0	7	0	1	2	1	1	2	2	1	1	2	14
1006	2	3	7	4	2	3	1	1	1	2	2	0	2	13
1007	1	1	7	0	1	2	1	1	2	2	0	2	2	4
1008	1	3	7	3	1	0	1	1	2	2	2	2	2	11
1009	1	3	7	1	1	0	1	1	2	2	2	2	0	1
1010	1	3	7	3	1	0	1	1	2	2	2	0	0	12
1011	0	3	7	3	1	0	1	1	2	0	2	2	2	7
1012	0	0	7	2	1	2	5	1	0	0	0	0	2	6
1013	2	3	7	3	4	2	1	1	2	2	2	0	2	8
1014	2	0	7	1	1	0	1	1	2	0	0	0	0	1
1015	1	3	7	2	1	2	1	1	2	2	0	2	0	3
1016	1	3	7	1	1	0	1	1	2	2	2	2	0	3
1017	1	1	7	0	2	0	1	1	1	2	2	2	2	4
1018	1	3	7	1	4	3	1	1	2	1	1	2	2	6
1019	1	0	7	3	4	0	5	1	2	1	0	2	0	9
1020	1	3	7	1	3	0	3	0	0	2	2	0	0	2
1021	0	0	7	1	4	2	1	1	2	0	2	1	1	10
1022	1	0	7	4	1	3	1	0	1	0	0	2	1	8
1023	0	3	7	1	1	3	3	0	2	2	0	2	0	4
1024	2	0	7	0	1	0	1	1	2	1	2	1	2	6
1025	0	3	7	1	1	1	1	1	2	0	0	0	0	8
1026	0	3	7	1	1	4	5	0	2	0	2	0	2	4
1027	0	0	7	1	1	4	1	1	2	0	2	0	2	5
1028	1	0	7	3	1	2	3	0	2	2	0	0	2	3
1029	2	0	7	3	4	2	4	0	2	1	0	0	2	12
1030	2	3	7	3	1	2	1	0	0	1	0	2	2	5
1031	1	3	7	3	1	2	5	1	0	0	2	2	0	0
1032	1	3	7	3	1	2	1	1	2	2	1	2	2	2
1033	2	3	7	3	4	2	5	1	0	0	2	2	2	6
1034	1	3	7	3	2	2	5	1	0	0	0	0	0	6
1035	2	3	7	3	4	2	5	1	2	1	1	1	2	3
1036	1	3	7	3	1	2	5	1	2	2	2	2	2	4
1037	1	3	7	3	4	2	5	1	2	2	2	2	1	11
1038	1	3	7	3	1	5	1	1	2	0	2	1	0	4
1039	1	3	7	3	1	2	5	0	2	1	2	2	1	6
1040	0	0	7	4	1	3	1	1	2	0	2	1	1	12
1041	1	3	7	3	1	2	5	1	2	0	2	0	2	0
1042	1	3	7	3	1	2	1	0	1	0	2	2	1	7
1043	1	3	7	3	1	4	1	0	2	0	2	2	2	8
1044	2	0	7	4	1	2	5	1	0	2	0	0	2	6
1045	1	0	7	0	2	1	5	1	0	0	2	0	2	6
1046	2	0	7	2	2	1	5	1	0	2	0	2	0	6
1047	1	0	7	0	0	0	1	0	2	0	2	2	0	9
1048	1	1	7	0	4	0	2	1	2	2	2	2	1	13
1049	0	0	7	0	1	0	5	0	0	1	1	0	2	10
1050	1	1	7	0	1	5	2	1	2	1	2	2	2	12
1051	1	2	7	0	1	0	1	0	2	1	1	1	2	1
1052	1	1	7	0	3	1	3	0	0	2	2	0	2	8
1053	1	0	7	0	1	4	5	1	0	2	2	2	0	1
1054	2	2	7	2	3	0	0	0	1	1	0	0	0	13
1055	2	0	7	0	1	0	1	1	2	0	2	2	1	0
1056	2	2	7	0	3	3	2	0	0	1	0	2	2	5
1057	1	3	7	0	1	0	5	1	0	2	2	2	0	3
1058	2	0	7	0	1	0	3	1	2	1	2	2	0	3
1059	1	3	7	0	2	0	1	0	2	1	2	2	2	9
1060	2	3	7	2	1	0	1	1	2	1	2	2	2	9
1061	1	3	0	3	1	0	3	1	0	0	0	2	2	15
1062	1	0	0	2	1	2	3	1	0	2	0	0	0	6
1063	1	3	0	1	1	0	1	1	0	0	0	0	2	4
1064	2	3	0	3	1	2	5	1	0	2	0	0	0	8
1065	2	3	0	1	4	3	1	1	2	2	0	0	2	6
1066	0	3	0	4	4	5	5	1	0	2	2	0	0	13
1067	2	0	0	0	1	3	1	1	2	2	2	0	2	2
1068	2	3	0	2	1	3	1	1	2	2	0	2	0	6
1069	1	3	0	2	1	0	1	1	2	2	2	0	0	3
1070	1	3	0	2	4	0	1	0	0	2	2	0	0	1
1071	2	3	0	3	1	0	1	1	2	2	1	2	2	2
1072	0	3	0	4	1	0	1	1	0	2	0	2	2	4
1073	1	3	0	4	1	0	1	1	0	0	0	0	0	14
1074	1	3	0	3	4	0	1	0	2	2	2	0	0	6
1075	0	0	0	0	1	0	1	1	2	0	0	2	0	7
1076	1	3	0	2	4	0	1	1	1	1	2	2	2	5
1077	2	3	0	4	1	0	1	1	2	2	0	2	2	6
1078	0	3	0	4	1	0	1	1	0	2	2	2	0	7
1079	1	3	0	3	1	0	1	1	2	2	0	2	2	14
1080	1	3	0	1	1	2	1	1	2	0	2	2	2	2
1081	0	3	0	3	1	2	1	1	0	0	0	0	0	0
1082	1	3	0	1	1	1	1	1	2	2	2	2	2	4
1083	2	3	0	4	1	1	1	1	2	1	2	0	0	14
1084	2	3	0	2	4	0	1	1	2	0	2	0	2	15
1085	1	3	0	3	1	0	1	1	2	2	2	0	0	2
1086	1	3	0	3	1	0	1	0	2	2	2	2	2	6
1087	1	3	0	3	1	3	1	1	2	2	2	2	2	4
1088	1	1	0	0	1	3	1	1	2	2	2	0	0	6
1089	1	0	0	0	1	3	1	1	2	0	2	2	2	11
1090	0	3	0	4	1	2	1	1	2	2	2	2	2	1
1091	1	3	0	1	4	3	1	1	2	2	2	2	2	15
1092	2	3	0	3	1	0	1	1	2	2	2	2	0	7
1093	2	3	0	3	4	0	1	1	0	0	2	2	2	7
1094	1	0	0	1	4	2	1	0	1	1	2	2	2	4
1095	0	3	0	3	4	3	1	0	0	1	0	2	2	12
1096	1	0	0	1	4	3	1	0	2	1	0	2	0	0
1097	0	0	0	1	1	3	1	0	2	2	0	2	0	3
1098	1	3	0	3	1	0	5	0	2	0	0	2	2	12
1099	1	0	0	2	1	0	1	0	2	2	0	0	0	12
1100	1	0	0	3	1	0	1	1	0	0	0	2	2	15
1101	1	0	0	0	2	4	1	0	2	2	2	2	2	3
1102	1	3	0	3	1	2	4	0	0	1	0	2	2	15
1103	0	3	0	4	2	2	2	1	0	1	0	0	0	3
1104	2	0	0	2	2	2	1	1	0	0	2	0	0	4
1105	2	3	0	0	2	5	1	0	2	1	2	2	2	13
1106	0	3	0	4	4	3	1	1	2	0	2	1	2	13
1107	2	3	0	3	1	2	2	1	0	1	0	0	2	6
1108	0	0	0	2	2	0	5	1	0	1	2	0	2	2
1109	1	3	0	3	1	2	5	1	0	2	0	0	0	2
1110	1	3	0	3	4	2	2	1	0	0	0	0	2	6
1111	1	3	0	3	1	3	1	0	0	1	0	1	2	14
1112	1	3	0	1	1	4	1	0	0	1	0	0	1	9
1113	1	3	0	1	1	4	1	0	0	2	0	0	2	2
1114	1	3	0	1	1	5	1	0	2	0	0	0	1	15
1115	1	3	0	1	1	0	1	0	2	0	2	1	1	11
1116	0	3	0	3	2	0	1	1	0	0	0	0	0	6
1117	1	3	0	1	1	0	2	0	2	2	0	0	2	13
1118	0	3	0	3	1	0	3	1	0	2	2	2	2	9
1119	1	3	0	3	1	0	3	1	0	0	0	0	2	1
1120	0	0	0	2	1	0	5	1	0	0	0	2	2	6
1121	1	0	0	3	1	0	3	1	2	0	0	0	0	14
1122	1	0	0	4	1	0	5	1	2	2	0	0	2	13
1123	1	3	0	4	1	2	1	1	2	2	1	1	0	0
1124	2	3	0	4	4	2	1	1	1	2	2	2	2	14
1125	1	3	0	4	1	2	1	1	2	2	1	2	0	14
1126	2	3	0	4	1	2	1	1	2	1	1	2	2	6
1127	2	3	0	4	4	2	1	1	2	2	2	1	0	2
1128	1	3	0	4	1	2	1	1	1	1	2	2	2	13
1129	1	3	0	4	1	2	1	1	1	1	2	2	2	6
1130	1	3	0	4	4	2	1	1	2	2	1	2	2	15
1131	1	3	0	4	1	2	1	1	2	2	2	2	0	9
1132	1	3	0	4	1	2	1	1	2	1	2	2	2	7
1133	1	3	0	4	1	3	1	1	2	0	2	2	2	5
1134	1	3	0	4	1	3	1	1	0	0	2	2	1	7
1135	1	3	0	4	1	3	1	0	1	2	2	2	0	7
1136	1	3	0	4	1	3	1	1	2	1	1	1	2	1
1137	1	3	0	4	2	3	1	1	1	1	2	2	2	2
1138	1	3	0	4	1	3	1	1	2	2	2	0	2	13
1139	1	3	0	4	1	3	1	1	2	0	2	0	2	6
1140	0	3	0	4	1	3	1	1	2	2	2	1	1	2
1141	0	3	0	4	4	3	1	1	1	2	1	0	2	2
1142	0	3	0	4	1	3	1	0	1	1	1	0	2	4
1143	2	3	0	1	2	0	5	1	0	2	0	2	2	2
1144	1	0	0	0	4	0	2	1	2	2	2	0	2	1
1145	1	1	0	0	4	0	1	0	0	0	0	0	0	15
1146	1	0	0	2	4	0	1	1	2	2	0	2	0	7
1147	1	3	0	3	3	4	1	1	1	0	0	0	0	1
1148	1	0	0	0	1	3	2	1	0	1	0	0	0	1
1149	1	1	0	0	4	0	2	1	0	1	0	0	0	9
1150	1	1	0	0	3	1	1	0	0	1	0	0	0	13
1151	1	3	0	1	4	4	5	1	0	2	0	0	2	13
1152	1	1	0	0	2	0	2	0	2	0	2	2	2	14
1153	1	1	0	0	3	4	1	1	0	0	0	0	0	5
1154	1	3	0	1	3	4	2	1	0	2	0	0	0	11
1155	0	1	0	0	4	0	5	1	0	2	2	2	2	13
1156	1	0	0	0	2	0	5	0	2	0	2	0	0	10
1157	1	3	0	2	1	0	2	0	2	0	0	0	2	5
1158	1	1	0	0	1	0	1	0	2	0	2	2	1	8
1159	1	3	1	1	1	3	2	1	2	1	2	2	2	5
1160	2	3	1	4	2	2	5	1	0	2	2	0	0	12
1161	1	1	1	0	1	3	2	1	2	0	0	2	2	11
1162	2	2	1	0	4	3	3	1	2	2	2	2	2	7
1163	1	3	1	3	2	2	5	1	0	1	2	0	0	4
1164	1	3	1	3	1	2	2	1	2	2	0	0	2	1
1165	1	3	1	4	4	4	3	1	0	2	2	0	0	6
1166	2	0	1	4	4	2	3	1	0	0	0	0	2	6
1167	2	3	1	1	4	2	5	1	0	0	2	2	0	6
1168	2	3	1	4	1	0	3	1	0	0	2	2	0	6
1169	1	3	1	4	1	0	3	1	0	0	2	2	0	6
1170	2	3	1	4	1	0	5	1	0	0	0	0	0	6
1171	2	3	1	4	1	3	5	1	0	2	0	0	0	6
1172	1	3	1	3	3	2	2	0	0	2	2	0	0	0
1173	1	0	1	4	2	2	5	1	0	2	0	2	0	6
1174	2	1	1	0	1	2	3	1	0	1	0	2	0	6
1175	2	0	1	0	2	0	3	1	0	0	2	0	2	0
1176	1	3	1	3	1	0	5	1	0	1	2	2	2	8
1177	1	2	1	0	1	3	5	1	0	2	0	0	0	6
1178	1	3	1	2	4	3	2	1	0	2	2	2	0	7
1179	2	3	1	3	1	3	2	1	2	2	0	1	0	2
1180	1	1	1	0	1	3	2	1	0	2	2	0	0	15
1181	1	3	1	1	4	3	2	1	0	0	0	2	0	0
1182	1	3	1	1	4	3	2	1	0	2	0	2	2	6
1183	1	3	1	4	1	3	2	0	2	0	2	0	2	14
1184	2	3	1	1	4	0	1	1	2	2	2	0	0	6
1185	1	3	1	3	1	2	2	1	2	2	0	0	0	4
1186	2	3	1	1	4	2	1	1	2	0	2	0	2	13
1187	2	0	1	0	1	0	1	1	2	2	2	2	2	7
1188	0	3	1	4	2	2	5	1	0	2	0	0	0	6
1189	2	3	1	1	2	0	1	0	1	2	0	2	0	1
1190	1	3	1	4	3	2	2	0	0	1	2	0	0	7
1191	0	3	1	1	2	2	1	0	1	2	2	0	2	3
1192	2	3	1	3	3	0	2	0	1	0	0	0	2	9
1193	0	3	1	1	3	0	4	0	1	0	0	0	2	10
1194	2	3	1	2	1	0	1	1	2	2	1	2	2	9
1195	2	0	1	1	2	2	2	1	0	1	0	2	0	7
1196	0	0	1	3	1	3	4	0	1	1	0	0	2	14
1197	0	0	1	1	1	3	1	0	2	2	0	0	2	5
1198	2	0	1	3	1	1	5	0	2	2	2	2	0	2
1199	0	3	1	1	2	1	2	0	0	1	0	0	0	10
1200	0	3	1	1	1	1	4	0	2	0	0	0	1	14
1201	0	3	1	3	0	4	2	1	0	0	0	0	0	3
1202	0	3	1	3	1	4	1	1	0	2	0	2	2	7
1203	0	0	1	1	1	4	5	0	0	0	0	0	1	3
1204	2	3	1	3	3	4	1	0	2	0	2	2	1	6
1205	1	3	1	3	4	4	3	0	1	0	0	0	2	12
1206	2	0	1	0	1	2	3	0	2	2	2	2	2	12
1207	1	3	1	3	2	2	5	0	2	2	2	2	2	14
1208	0	0	1	3	1	2	5	0	2	0	2	2	2	12
1209	1	0	1	1	4	2	3	0	2	2	0	2	1	12
1210	2	3	1	3	2	2	5	1	0	0	0	0	0	6
1211	0	3	1	1	1	0	2	0	1	0	1	2	0	12
1212	0	0	1	1	2	3	4	0	2	2	0	1	1	11
1213	1	3	1	2	1	2	1	1	2	2	1	2	0	2
1214	1	3	2	3	1	2	1	1	2	2	0	2	2	4
1215	1	3	2	4	2	2	5	1	0	0	2	2	0	5
1216	1	3	2	3	2	2	5	0	2	2	2	0	2	13
1217	2	1	2	0	2	1	1	1	0	2	2	0	2	4
1218	2	1	2	0	2	3	2	1	0	2	0	0	2	0
1219	1	3	2	3	1	2	1	1	2	2	0	0	2	15
1220	1	3	2	2	1	2	1	1	2	0	2	2	0	6
1221	1	3	2	3	2	2	1	1	0	2	1	2	0	4
1222	1	3	2	2	1	2	1	1	2	2	0	0	0	4
1223	2	3	2	1	1	2	1	1	2	2	2	0	0	7
1224	1	3	2	4	1	0	1	1	2	2	2	0	2	3
1225	0	3	2	4	1	2	2	1	0	1	0	2	2	4
1226	0	3	2	3	1	3	2	1	2	0	2	2	1	6
1227	1	3	2	3	1	0	1	1	2	2	2	2	2	4
1228	2	3	2	4	4	0	1	1	2	0	2	2	2	7
1229	1	3	2	3	1	0	2	1	1	2	1	2	2	3
1230	0	0	2	2	1	0	2	1	2	1	0	0	0	10
1231	0	3	2	3	2	4	2	0	1	2	2	2	2	2
1232	0	3	2	3	1	4	2	0	2	2	0	0	2	12
1233	1	0	2	4	1	2	2	1	2	0	0	0	2	10
1234	2	0	2	4	1	2	2	0	2	2	0	0	0	6
1235	2	0	2	0	1	2	2	0	2	0	0	0	2	8
1236	2	3	2	3	1	0	1	1	1	1	0	0	2	9
1237	1	3	2	3	4	0	2	1	2	2	2	2	2	6
1238	1	3	2	3	1	0	2	1	2	0	1	0	1	7
1239	1	3	2	3	1	0	1	1	1	1	2	2	0	10
1240	2	3	2	3	4	1	1	1	2	0	2	0	2	5
1241	1	3	2	3	1	2	1	1	2	1	2	1	0	1
1242	1	3	2	3	1	0	2	1	2	2	0	2	2	6
1243	1	3	2	3	2	0	1	1	2	2	2	2	2	4
1244	2	3	2	3	1	1	1	1	1	2	0	0	0	12
1245	0	3	2	3	1	0	2	1	2	1	2	2	1	2
1246	0	0	2	1	4	3	4	0	0	2	0	0	2	14
1247	0	0	2	0	1	2	2	0	2	1	1	1	1	3
1248	1	3	2	4	1	3	1	0	2	2	0	0	1	4
1249	0	3	2	1	1	1	2	0	1	0	2	1	2	0
1250	2	3	2	3	2	2	2	1	0	2	0	0	0	6
1251	1	0	2	0	2	2	2	1	0	2	0	0	0	4
1252	2	3	2	1	1	5	2	0	2	2	2	0	2	7
1253	1	3	2	3	1	0	2	0	2	0	0	0	2	5
1254	1	3	2	1	1	0	2	0	2	0	0	0	2	6
1255	1	0	2	0	4	3	1	1	2	0	1	2	2	2
1256	1	0	2	0	1	3	2	1	2	0	0	0	2	4
1257	1	0	2	0	1	3	2	1	0	2	2	2	2	2
1258	2	0	2	0	4	3	1	0	0	1	0	0	2	0
1259	1	0	2	0	1	3	2	1	2	2	0	2	2	0
1260	0	0	2	0	1	3	1	1	0	0	0	2	1	1
1261	2	0	2	0	1	3	2	0	0	2	2	2	1	9
1262	1	0	2	0	4	3	1	1	0	0	0	0	0	0
1263	1	0	2	0	4	3	2	1	2	0	0	0	2	9
1264	1	0	2	0	2	3	2	1	0	0	2	0	2	8
1265	1	0	2	1	3	0	2	0	2	0	2	2	2	9
1266	1	2	2	0	4	2	2	1	2	0	2	2	2	3
1267	1	3	2	2	4	3	2	1	2	2	0	2	1	1
1268	1	3	2	4	4	3	2	1	2	2	2	2	0	3
1269	2	2	2	0	1	3	2	0	2	0	1	2	2	13
1270	1	1	2	0	4	4	1	0	2	1	2	0	0	6
1271	1	3	2	1	2	0	2	0	2	2	1	2	2	13
1272	1	2	2	0	1	4	2	0	0	2	1	2	0	10
1273	1	3	2	2	1	3	2	0	0	2	2	0	2	15
1274	1	0	2	0	4	4	2	1	0	2	2	0	2	4
1275	1	2	2	0	3	0	2	0	0	2	2	0	0	0
1276	1	2	2	0	2	3	2	0	0	0	0	0	0	1
1277	1	2	2	0	4	0	3	0	0	2	0	0	0	1
1278	1	0	2	0	4	0	2	0	0	2	1	0	0	4
1279	1	3	2	3	2	0	2	0	0	0	2	0	2	11
1280	1	3	2	3	1	2	1	1	2	2	0	2	2	4
1281	1	3	2	4	2	2	5	1	0	0	2	2	0	5
1282	1	3	2	3	2	2	5	0	2	2	2	0	2	13
1283	2	1	2	0	2	1	1	1	0	2	2	0	2	4
1284	2	1	2	0	2	3	2	1	0	2	0	0	2	0
1285	1	3	2	3	1	2	1	1	2	2	0	0	2	15
1286	1	3	2	2	1	2	1	1	2	0	2	2	0	6
1287	1	3	2	3	2	2	1	1	0	2	1	2	0	4
1288	1	3	2	2	1	2	1	1	2	2	0	0	0	4
1289	2	3	2	1	1	2	1	1	2	2	2	0	0	7
1290	1	3	2	4	1	0	1	1	2	2	2	0	2	3
1291	0	3	2	4	1	2	2	1	0	1	0	2	2	4
1292	0	3	2	3	1	3	2	1	2	0	2	2	1	6
1293	1	3	2	3	1	0	1	1	2	2	2	2	2	4
1294	2	3	2	4	4	0	1	1	2	0	2	2	2	7
1295	1	3	2	3	1	0	2	1	1	2	1	2	2	3
1296	0	0	2	2	1	0	2	1	2	1	0	0	0	10
1297	0	3	2	3	2	4	2	0	1	2	2	2	2	2
1298	0	3	2	3	1	4	2	0	2	2	0	0	2	12
1299	1	0	2	4	1	2	2	1	2	0	0	0	2	10
1300	2	0	2	4	1	2	2	0	2	2	0	0	0	6
1301	2	0	2	0	1	2	2	0	2	0	0	0	2	8
1302	2	3	2	3	1	0	1	1	1	1	0	0	2	9
1303	1	3	2	3	4	0	2	1	2	2	2	2	2	6
1304	1	3	2	3	1	0	2	1	2	0	1	0	1	7
1305	1	3	2	3	1	0	1	1	1	1	2	2	0	10
1306	2	3	2	3	4	1	1	1	2	0	2	0	2	5
1307	1	3	2	3	1	2	1	1	2	1	2	1	0	1
1308	1	3	2	3	1	0	2	1	2	2	0	2	2	6
1309	1	3	2	3	2	0	1	1	2	2	2	2	2	4
1310	2	3	2	3	1	1	1	1	1	2	0	0	0	12
1311	0	3	2	3	1	0	2	1	2	1	2	2	1	2
1312	0	0	2	1	4	3	4	0	0	2	0	0	2	14
1313	0	0	2	0	1	2	2	0	2	1	1	1	1	3
1314	1	3	2	4	1	3	1	0	2	2	0	0	1	4
1315	0	3	2	1	1	1	2	0	1	0	2	1	2	0
1316	2	3	2	3	2	2	2	1	0	2	0	0	0	6
1317	1	0	2	0	2	2	2	1	0	2	0	0	0	4
1318	2	3	2	1	1	5	2	0	2	2	2	0	2	7
1319	1	3	2	3	1	0	2	0	2	0	0	0	2	5
1320	1	3	2	1	1	0	2	0	2	0	0	0	2	6
1321	1	0	2	0	4	3	1	1	2	0	1	2	2	2
1322	1	0	2	0	1	3	2	1	2	0	0	0	2	4
1323	1	0	2	0	1	3	2	1	0	2	2	2	2	2
1324	2	0	2	0	4	3	1	0	0	1	0	0	2	0
1325	1	0	2	0	1	3	2	1	2	2	0	2	2	0
1326	0	0	2	0	1	3	1	1	0	0	0	2	1	1
1327	2	0	2	0	1	3	2	0	0	2	2	2	1	9
1328	1	0	2	0	4	3	1	1	0	0	0	0	0	0
1329	1	0	2	0	4	3	2	1	2	0	0	0	2	9
1330	1	0	2	0	2	3	2	1	0	0	2	0	2	8
1331	1	0	2	1	3	0	2	0	2	0	2	2	2	9
1332	1	2	2	0	4	2	2	1	2	0	2	2	2	3
1333	1	3	2	2	4	3	2	1	2	2	0	2	1	1
1334	1	3	2	4	4	3	2	1	2	2	2	2	0	3
1335	2	2	2	0	1	3	2	0	2	0	1	2	2	13
1336	1	1	2	0	4	4	1	0	2	1	2	0	0	6
1337	1	3	2	1	2	0	2	0	2	2	1	2	2	13
1338	1	2	2	0	1	4	2	0	0	2	1	2	0	10
1339	1	3	2	2	1	3	2	0	0	2	2	0	2	15
1340	1	0	2	0	4	4	2	1	0	2	2	0	2	4
1341	1	2	2	0	3	0	2	0	0	2	2	0	0	0
1342	1	2	2	0	2	3	2	0	0	0	0	0	0	1
1343	1	2	2	0	4	0	3	0	0	2	0	0	0	1
1344	1	0	2	0	4	0	2	0	0	2	1	0	0	4
1345	1	3	2	3	2	0	2	0	0	0	2	0	2	11
1346	1	3	2	3	1	2	1	1	2	2	0	2	2	4
1347	1	3	2	4	2	2	5	1	0	0	2	2	0	5
1348	1	3	2	3	2	2	5	0	2	2	2	0	2	13
1349	2	1	2	0	2	1	1	1	0	2	2	0	2	4
1350	2	1	2	0	2	3	2	1	0	2	0	0	2	0
1351	1	3	2	3	1	2	1	1	2	2	0	0	2	15
1352	1	3	2	2	1	2	1	1	2	0	2	2	0	6
1353	1	3	2	3	2	2	1	1	0	2	1	2	0	4
1354	1	3	2	2	1	2	1	1	2	2	0	0	0	4
1355	2	3	2	1	1	2	1	1	2	2	2	0	0	7
1356	1	3	2	4	1	0	1	1	2	2	2	0	2	3
1357	0	3	2	4	1	2	2	1	0	1	0	2	2	4
1358	0	3	2	3	1	3	2	1	2	0	2	2	1	6
1359	1	3	2	3	1	0	1	1	2	2	2	2	2	4
1360	2	3	2	4	4	0	1	1	2	0	2	2	2	7
1361	1	3	2	3	1	0	2	1	1	2	1	2	2	3
1362	0	0	2	2	1	0	2	1	2	1	0	0	0	10
1363	0	3	2	3	2	4	2	0	1	2	2	2	2	2
1364	0	3	2	3	1	4	2	0	2	2	0	0	2	12
1365	1	0	2	4	1	2	2	1	2	0	0	0	2	10
1366	2	0	2	4	1	2	2	0	2	2	0	0	0	6
1367	2	0	2	0	1	2	2	0	2	0	0	0	2	8
1368	2	3	2	3	1	0	1	1	1	1	0	0	2	9
1369	1	3	2	3	4	0	2	1	2	2	2	2	2	6
1370	1	3	2	3	1	0	2	1	2	0	1	0	1	7
1371	1	3	2	3	1	0	1	1	1	1	2	2	0	10
1372	2	3	2	3	4	1	1	1	2	0	2	0	2	5
1373	1	3	2	3	1	2	1	1	2	1	2	1	0	1
1374	1	3	2	3	1	0	2	1	2	2	0	2	2	6
1375	1	3	2	3	2	0	1	1	2	2	2	2	2	4
1376	2	3	2	3	1	1	1	1	1	2	0	0	0	12
1377	1	3	4	3	1	2	5	0	2	2	2	2	2	1
1378	1	3	4	3	1	2	5	0	2	2	2	2	2	1
1379	1	0	4	2	2	2	2	1	0	1	0	0	0	8
1380	0	3	4	4	2	2	2	1	0	0	2	2	0	2
1381	1	3	4	4	1	2	1	1	2	0	2	0	1	3
1382	2	3	4	3	1	3	2	1	0	0	0	0	0	5
1383	0	3	4	3	1	3	1	1	0	0	2	0	2	12
1384	1	3	4	3	1	3	1	1	0	2	0	2	2	7
1385	1	3	4	4	1	2	1	1	0	0	0	2	2	6
1386	1	3	4	3	4	2	1	1	2	0	0	2	2	12
1387	1	3	4	3	4	2	2	1	2	0	2	2	0	2
1388	1	3	4	1	1	0	2	1	0	0	0	0	0	4
1389	2	3	4	2	1	0	2	1	0	0	0	0	0	2
1390	2	0	4	0	1	2	2	1	0	0	2	0	0	0
1391	1	3	4	3	4	2	2	1	0	0	0	2	0	2
1392	1	3	4	4	4	0	2	1	0	0	2	2	0	4
1393	1	3	4	4	1	2	2	1	2	0	0	0	0	6
1394	1	3	4	3	1	0	2	1	0	2	0	0	0	6
1395	1	3	4	2	4	0	2	1	0	2	2	2	2	15
1396	1	3	4	3	1	2	2	1	0	0	0	0	0	15
1397	1	3	4	2	1	1	2	1	2	2	0	0	0	2
1398	2	3	4	3	1	5	2	1	0	0	2	2	0	6
1399	1	3	4	3	1	0	2	1	2	0	0	2	2	2
1400	1	3	4	4	1	0	2	1	1	2	0	2	2	10
1401	1	0	4	3	1	2	2	1	1	1	0	0	2	2
1402	0	3	4	1	1	3	2	0	2	2	2	2	0	6
1403	0	0	4	3	2	2	2	0	2	0	0	0	0	9
1404	1	3	4	3	1	2	2	1	0	0	0	0	0	6
1405	1	3	4	1	2	0	2	0	0	1	0	2	0	3
1406	1	3	4	1	2	3	2	0	2	2	0	2	1	2
1407	2	3	4	1	2	2	2	1	0	2	0	0	0	12
1408	1	0	4	4	2	0	2	1	0	2	0	0	0	6
1409	2	1	4	0	2	3	2	1	0	2	2	2	2	6
1410	1	1	4	0	1	3	2	1	0	0	2	0	0	7
1411	1	1	4	4	2	2	0	1	2	2	0	0	0	9
1412	1	0	4	3	0	2	0	0	2	0	2	0	0	3
1413	2	1	4	0	4	2	2	1	2	0	2	0	0	2
1414	1	2	4	0	1	0	4	0	2	0	2	2	0	0
1415	1	0	4	0	4	2	2	1	2	0	0	0	0	15
1416	1	0	4	0	2	2	2	1	0	0	2	0	0	4
1417	2	0	4	4	0	4	2	0	0	0	2	2	2	9
1418	1	3	4	4	1	1	2	0	0	0	2	1	0	10
1419	1	1	4	0	4	3	2	0	2	0	1	2	0	8
1420	1	1	4	0	4	3	2	1	2	0	2	2	0	4
1421	1	3	4	4	1	4	2	1	2	1	0	2	0	3
1422	1	3	4	4	2	0	2	1	0	0	2	2	0	5
1423	1	3	4	4	1	0	2	0	2	1	2	2	2	5
1424	2	3	4	0	1	0	2	0	2	2	2	0	2	9
1425	1	3	4	0	1	0	2	1	0	0	2	0	0	12
1426	2	0	4	0	2	0	2	1	1	2	2	2	1	13
1427	1	3	4	2	4	3	2	0	2	1	0	2	0	2
1428	1	3	4	0	1	0	2	0	0	2	2	2	0	13
1429	1	3	4	0	1	0	2	1	0	1	2	2	0	13
1430	1	0	4	2	4	4	2	0	0	1	0	0	0	5
1431	2	3	4	2	4	3	2	0	2	0	0	0	0	5
1432	1	3	4	0	1	0	2	1	0	2	2	0	0	13
1433	1	0	4	0	1	0	2	0	0	2	0	2	0	12
1434	1	3	4	4	1	0	2	1	2	0	0	2	2	9
1435	1	3	4	0	1	0	2	1	1	0	2	2	2	9
1436	1	3	4	4	1	1	2	0	2	2	2	0	0	5
1437	1	3	4	0	1	3	2	0	0	1	1	2	0	8
1438	0	3	4	0	4	0	2	1	2	2	2	0	2	9
1439	0	3	4	4	4	1	2	1	0	2	2	2	2	13
1440	1	3	4	3	1	3	2	1	0	2	2	2	2	5
1441	1	3	4	0	2	0	2	0	2	2	0	0	0	9
1442	1	3	4	0	1	0	2	0	2	0	2	0	2	7
1443	1	1	4	0	4	0	2	1	1	1	2	2	2	0
1444	1	3	4	2	2	0	2	1	0	2	2	0	2	0
1445	2	0	4	0	4	0	2	1	0	2	1	2	2	5
1446	2	1	4	0	1	0	2	0	2	0	0	0	0	6
1447	1	1	4	0	1	0	2	0	0	1	0	2	2	2
1448	2	0	4	0	1	3	2	0	1	0	2	2	0	1
1449	1	1	4	0	1	2	2	0	0	0	0	0	0	11
1450	1	1	4	0	2	0	2	1	0	2	2	0	0	2
1451	2	3	4	3	1	3	2	1	0	1	0	0	1	2
1452	2	3	4	0	2	4	2	0	2	1	2	2	1	13
1453	0	3	4	0	1	2	2	1	2	0	2	0	1	1
1454	1	0	4	0	2	3	2	0	1	1	1	2	1	7
1455	1	0	4	0	2	0	2	0	2	2	2	2	0	15
1456	1	3	4	0	1	2	2	0	2	0	0	0	0	1
1457	0	1	4	0	4	2	2	0	1	0	2	2	0	0
1458	1	2	4	0	4	2	1	1	0	1	0	0	0	5
1459	1	1	4	0	4	3	2	1	2	0	0	2	0	5
1460	1	1	4	0	2	4	2	0	2	1	2	2	1	8
1461	1	0	4	0	3	3	2	0	2	0	0	0	2	13
1462	2	3	4	0	4	0	2	0	0	0	2	0	0	14
1463	1	2	4	0	2	0	2	1	0	0	0	2	0	14
1464	1	2	4	0	1	0	2	1	0	0	0	2	0	1
1465	0	1	4	0	3	0	2	0	0	0	0	1	0	2
1466	1	0	4	0	1	2	2	0	2	2	2	0	2	4
1467	1	1	4	0	4	2	2	1	2	0	2	2	2	10
1468	0	1	4	0	1	3	2	0	2	0	0	0	0	15
1469	1	1	4	0	1	0	2	0	2	1	2	2	0	4
1470	1	3	4	0	3	0	2	1	2	0	0	0	1	6
1471	2	2	4	0	1	1	2	0	0	0	0	0	0	6
1472	1	3	4	3	1	2	5	0	2	2	2	2	2	1
1473	1	3	4	3	1	2	5	0	2	2	2	2	2	1
1474	1	0	4	2	2	2	2	1	0	1	0	0	0	8
1475	0	3	4	4	2	2	2	1	0	0	2	2	0	2
1476	1	3	4	4	1	2	1	1	2	0	2	0	1	3
1477	2	3	4	3	1	3	2	1	0	0	0	0	0	5
1478	0	3	4	3	1	3	1	1	0	0	2	0	2	12
1479	1	3	4	3	1	3	1	1	0	2	0	2	2	7
1480	1	3	4	4	1	2	1	1	0	0	0	2	2	6
1481	1	3	4	3	4	2	1	1	2	0	0	2	2	12
1482	1	3	4	3	4	2	2	1	2	0	2	2	0	2
1483	1	3	4	1	1	0	2	1	0	0	0	0	0	4
1484	2	3	4	2	1	0	2	1	0	0	0	0	0	2
1485	2	0	4	0	1	2	2	1	0	0	2	0	0	0
1486	1	3	4	3	4	2	2	1	0	0	0	2	0	2
1487	1	3	4	4	4	0	2	1	0	0	2	2	0	4
1488	1	3	4	4	1	2	2	1	2	0	0	0	0	6
1489	1	3	4	3	1	0	2	1	0	2	0	0	0	6
1490	1	3	4	2	4	0	2	1	0	2	2	2	2	15
1491	1	3	4	3	1	2	2	1	0	0	0	0	0	15
1492	1	3	4	2	1	1	2	1	2	2	0	0	0	2
1493	2	3	4	3	1	5	2	1	0	0	2	2	0	6
1494	1	3	4	3	1	0	2	1	2	0	0	2	2	2
1495	1	3	4	4	1	0	2	1	1	2	0	2	2	10
1496	1	0	4	3	1	2	2	1	1	1	0	0	2	2
1497	0	3	4	1	1	3	2	0	2	2	2	2	0	6
1498	0	0	4	3	2	2	2	0	2	0	0	0	0	9
1499	1	3	4	3	1	2	2	1	0	0	0	0	0	6
1500	1	3	4	1	2	0	2	0	0	1	0	2	0	3
1501	1	3	4	1	2	3	2	0	2	2	0	2	1	2
1502	2	3	4	1	2	2	2	1	0	2	0	0	0	12
1503	1	0	4	4	2	0	2	1	0	2	0	0	0	6
1504	2	1	4	0	2	3	2	1	0	2	2	2	2	6
1505	1	1	4	0	1	3	2	1	0	0	2	0	0	7
1506	1	1	4	4	2	2	0	1	2	2	0	0	0	9
1507	1	0	4	3	0	2	0	0	2	0	2	0	0	3
1508	2	1	4	0	4	2	2	1	2	0	2	0	0	2
1509	1	2	4	0	1	0	4	0	2	0	2	2	0	0
1510	1	0	4	0	4	2	2	1	2	0	0	0	0	15
1511	2	0	5	0	1	2	5	1	0	2	0	0	2	4
1512	2	1	5	0	4	3	2	1	0	2	0	2	2	15
1513	1	0	5	2	1	2	5	1	0	0	0	0	0	6
1514	2	0	5	0	1	2	2	1	2	2	2	0	2	0
1515	2	3	5	4	4	2	1	1	2	2	2	2	2	3
1516	2	3	5	4	1	2	5	1	0	2	0	2	2	6
1517	1	3	5	3	1	2	1	1	2	0	0	0	2	3
1518	0	3	5	4	4	5	1	1	2	0	2	0	2	3
1519	1	3	5	1	4	0	1	1	0	2	1	2	2	2
1520	0	0	5	1	4	2	1	1	1	0	2	0	2	4
1521	2	0	5	4	1	3	3	1	2	0	0	2	1	13
1522	0	3	5	3	4	2	1	1	2	0	0	0	2	6
1523	2	3	5	3	3	0	1	0	2	1	2	2	0	12
1524	1	0	5	0	4	0	5	0	2	1	1	1	0	3
1525	2	1	5	0	4	3	1	1	2	1	2	2	2	15
1526	2	2	5	0	1	0	2	1	0	1	2	0	0	8
1527	1	2	5	0	4	4	3	1	2	0	0	2	0	1
1528	1	2	5	0	3	4	3	1	0	1	0	0	0	2
1529	1	0	5	0	3	0	2	1	2	2	0	0	0	3
1530	1	0	5	0	1	0	2	1	1	1	0	0	0	2
1531	2	0	5	0	4	2	1	0	2	1	2	0	2	15
1532	1	1	5	0	2	0	5	0	2	0	2	0	0	1
1533	1	1	5	0	4	0	3	0	1	0	1	2	1	13
1534	1	2	5	0	2	0	3	1	0	0	0	0	0	2
1535	2	0	5	0	1	4	2	0	0	1	1	0	0	11
1536	1	2	5	0	3	4	3	0	0	1	0	0	0	11
1537	2	1	5	0	1	0	2	0	0	1	1	2	0	1
1538	2	1	5	0	1	0	2	0	0	0	0	0	0	3
1539	2	3	5	1	1	4	2	0	2	2	2	2	0	3
1540	1	3	5	3	2	1	2	1	2	0	2	2	0	11
1541	1	3	5	1	4	0	1	1	2	1	0	0	0	11
1542	2	3	5	1	3	0	1	1	2	2	0	0	0	0
1543	2	3	5	1	2	0	5	1	0	2	2	0	0	1
1544	2	3	5	3	3	5	1	0	2	2	2	2	2	9
1545	2	3	5	3	2	5	1	0	0	2	2	0	2	9
1546	2	3	5	3	4	5	2	1	1	2	0	0	0	3
1547	2	3	5	1	3	0	2	0	2	2	0	2	0	1
1548	1	3	5	1	3	0	1	1	2	0	0	2	0	2
1549	2	3	5	3	3	0	1	1	2	0	2	2	0	1
1550	2	3	5	1	4	0	1	1	2	2	2	2	2	3
1551	2	0	5	3	5	0	4	1	0	2	2	0	0	11
1552	2	0	5	0	1	2	5	1	0	2	0	0	2	4
1553	2	1	5	0	4	3	2	1	0	2	0	2	2	15
1554	1	0	5	2	1	2	5	1	0	0	0	0	0	6
1555	2	0	5	0	1	2	2	1	2	2	2	0	2	0
1556	2	3	5	4	4	2	1	1	2	2	2	2	2	3
1557	2	3	5	4	1	2	5	1	0	2	0	2	2	6
1558	1	3	5	3	1	2	1	1	2	0	0	0	2	3
1559	0	3	5	4	4	5	1	1	2	0	2	0	2	3
1560	1	3	5	1	4	0	1	1	0	2	1	2	2	2
1561	0	0	5	1	4	2	1	1	1	0	2	0	2	4
1562	2	0	5	4	1	3	3	1	2	0	0	2	1	13
1563	0	3	5	3	4	2	1	1	2	0	0	0	2	6
1564	2	3	5	3	3	0	1	0	2	1	2	2	0	12
1565	1	0	5	0	4	0	5	0	2	1	1	1	0	3
1566	2	1	5	0	4	3	1	1	2	1	2	2	2	15
1567	2	2	5	0	1	0	2	1	0	1	2	0	0	8
1568	1	2	5	0	4	4	3	1	2	0	0	2	0	1
1569	1	2	5	0	3	4	3	1	0	1	0	0	0	2
1570	1	0	5	0	3	0	2	1	2	2	0	0	0	3
1571	1	0	5	0	1	0	2	1	1	1	0	0	0	2
1572	2	0	5	0	4	2	1	0	2	1	2	0	2	15
1573	1	1	5	0	2	0	5	0	2	0	2	0	0	1
1574	1	1	5	0	4	0	3	0	1	0	1	2	1	13
1575	1	2	5	0	2	0	3	1	0	0	0	0	0	2
1576	2	0	5	0	1	4	2	0	0	1	1	0	0	11
1577	1	2	5	0	3	4	3	0	0	1	0	0	0	11
1578	2	1	5	0	1	0	2	0	0	1	1	2	0	1
1579	2	1	5	0	1	0	2	0	0	0	0	0	0	3
1580	2	3	5	1	1	4	2	0	2	2	2	2	0	3
1581	1	3	5	3	2	1	2	1	2	0	2	2	0	11
1582	1	3	5	1	4	0	1	1	2	1	0	0	0	11
1583	2	3	5	1	3	0	1	1	2	2	0	0	0	0
1584	2	3	5	1	2	0	5	1	0	2	2	0	0	1
1585	2	3	5	3	3	5	1	0	2	2	2	2	2	9
1586	2	3	5	3	2	5	1	0	0	2	2	0	2	9
1587	2	3	5	3	4	5	2	1	1	2	0	0	0	3
1588	2	3	5	1	3	0	2	0	2	2	0	2	0	1
1589	1	3	5	1	3	0	1	1	2	0	0	2	0	2
1590	2	3	5	3	3	0	1	1	2	0	2	2	0	1
1591	2	3	5	1	4	0	1	1	2	2	2	2	2	3
1592	2	0	5	3	5	0	4	1	0	2	2	0	0	11
1593	2	0	5	0	1	2	5	1	0	2	0	0	2	4
1594	2	1	5	0	4	3	2	1	0	2	0	2	2	15
1595	1	0	5	2	1	2	5	1	0	0	0	0	0	6
1596	2	0	5	0	1	2	2	1	2	2	2	0	2	0
1597	2	3	5	4	4	2	1	1	2	2	2	2	2	3
1598	2	3	5	4	1	2	5	1	0	2	0	2	2	6
1599	1	3	5	3	1	2	1	1	2	0	0	0	2	3
1600	0	3	5	4	4	5	1	1	2	0	2	0	2	3
1601	1	3	5	1	4	0	1	1	0	2	1	2	2	2
1602	0	0	5	1	4	2	1	1	1	0	2	0	2	4
1603	2	0	5	4	1	3	3	1	2	0	0	2	1	13
1604	0	3	5	3	4	2	1	1	2	0	0	0	2	6
1605	2	3	5	3	3	0	1	0	2	1	2	2	0	12
1606	1	0	5	0	4	0	5	0	2	1	1	1	0	3
1607	2	1	5	0	4	3	1	1	2	1	2	2	2	15
1608	2	2	5	0	1	0	2	1	0	1	2	0	0	8
1609	1	2	5	0	4	4	3	1	2	0	0	2	0	1
1610	1	2	5	0	3	4	3	1	0	1	0	0	0	2
1611	1	0	5	0	3	0	2	1	2	2	0	0	0	3
1612	1	0	5	0	1	0	2	1	1	1	0	0	0	2
1613	2	0	5	0	4	2	1	0	2	1	2	0	2	15
1614	1	1	5	0	2	0	5	0	2	0	2	0	0	1
1615	1	1	5	0	4	0	3	0	1	0	1	2	1	13
1616	1	2	5	0	2	0	3	1	0	0	0	0	0	2
1617	2	0	5	0	1	4	2	0	0	1	1	0	0	11
1618	1	2	5	0	3	4	3	0	0	1	0	0	0	11
1619	2	1	5	0	1	0	2	0	0	1	1	2	0	1
1620	2	1	5	0	1	0	2	0	0	0	0	0	0	3
1621	2	3	5	1	1	4	2	0	2	2	2	2	0	3
1622	1	3	5	3	2	1	2	1	2	0	2	2	0	11
1623	1	3	5	1	4	0	1	1	2	1	0	0	0	11
1624	2	3	5	1	3	0	1	1	2	2	0	0	0	0
1625	2	3	5	1	2	0	5	1	0	2	2	0	0	1
1626	2	3	5	3	3	5	1	0	2	2	2	2	2	9
1627	2	3	5	3	2	5	1	0	0	2	2	0	2	9
1628	2	3	5	3	4	5	2	1	1	2	0	0	0	3
1629	2	3	5	1	3	0	2	0	2	2	0	2	0	1
1630	1	3	5	1	3	0	1	1	2	0	0	2	0	2
1631	2	3	5	3	3	0	1	1	2	0	2	2	0	1
1632	2	3	5	1	4	0	1	1	2	2	2	2	2	3
1633	2	0	5	3	5	0	4	1	0	2	2	0	0	11
1634	2	0	5	0	1	2	5	1	0	2	0	0	2	4
1635	2	1	5	0	4	3	2	1	0	2	0	2	2	15
1636	1	0	5	2	1	2	5	1	0	0	0	0	0	6
1637	2	0	5	0	1	2	2	1	2	2	2	0	2	0
1638	2	3	5	4	4	2	1	1	2	2	2	2	2	3
1639	2	3	5	4	1	2	5	1	0	2	0	2	2	6
1640	1	3	5	3	1	2	1	1	2	0	0	0	2	3
1641	0	3	5	4	4	5	1	1	2	0	2	0	2	3
1642	1	3	5	1	4	0	1	1	0	2	1	2	2	2
1643	0	0	5	1	4	2	1	1	1	0	2	0	2	4
1644	2	0	5	4	1	3	3	1	2	0	0	2	1	13
1645	0	3	5	3	4	2	1	1	2	0	0	0	2	6
1646	2	3	5	3	3	0	1	0	2	1	2	2	0	12
1647	1	0	5	0	4	0	5	0	2	1	1	1	0	3
1648	2	1	5	0	4	3	1	1	2	1	2	2	2	15
1649	2	2	5	0	1	0	2	1	0	1	2	0	0	8
1650	1	2	5	0	4	4	3	1	2	0	0	2	0	1
1651	1	2	5	0	3	4	3	1	0	1	0	0	0	2
1652	1	0	5	0	3	0	2	1	2	2	0	0	0	3
1653	1	0	5	0	1	0	2	1	1	1	0	0	0	2
1654	2	0	5	0	4	2	1	0	2	1	2	0	2	15
1655	1	1	5	0	2	0	5	0	2	0	2	0	0	1
1656	1	1	5	0	4	0	3	0	1	0	1	2	1	13
1657	1	2	5	0	2	0	3	1	0	0	0	0	0	2
1658	2	0	5	0	1	4	2	0	0	1	1	0	0	11
1659	1	2	5	0	3	4	3	0	0	1	0	0	0	11
1660	2	1	5	0	1	0	2	0	0	1	1	2	0	1
1661	2	1	5	0	1	0	2	0	0	0	0	0	0	3
1662	2	3	5	1	1	4	2	0	2	2	2	2	0	3
1663	1	3	5	3	2	1	2	1	2	0	2	2	0	11
1664	1	3	5	1	4	0	1	1	2	1	0	0	0	11
1665	2	3	5	1	3	0	1	1	2	2	0	0	0	0
1666	2	3	5	1	2	0	5	1	0	2	2	0	0	1
1667	2	3	5	3	3	5	1	0	2	2	2	2	2	9
1668	2	3	5	3	2	5	1	0	0	2	2	0	2	9
1669	2	3	5	3	4	5	2	1	1	2	0	0	0	3
1670	2	3	5	1	3	0	2	0	2	2	0	2	0	1
1671	1	3	5	1	3	0	1	1	2	0	0	2	0	2
1672	2	3	5	3	3	0	1	1	2	0	2	2	0	1
1673	2	3	5	1	4	0	1	1	2	2	2	2	2	3
1674	2	0	5	3	5	0	4	1	0	2	2	0	0	11
1675	2	0	5	0	1	2	5	1	0	2	0	0	2	4
1676	2	1	5	0	4	3	2	1	0	2	0	2	2	15
1677	1	0	5	2	1	2	5	1	0	0	0	0	0	6
1678	2	0	5	0	1	2	2	1	2	2	2	0	2	0
1679	2	3	5	4	4	2	1	1	2	2	2	2	2	3
1680	2	3	5	4	1	2	5	1	0	2	0	2	2	6
1681	1	3	5	3	1	2	1	1	2	0	0	0	2	3
1682	0	3	5	4	4	5	1	1	2	0	2	0	2	3
1683	1	3	5	1	4	0	1	1	0	2	1	2	2	2
1684	0	0	5	1	4	2	1	1	1	0	2	0	2	4
1685	2	0	5	4	1	3	3	1	2	0	0	2	1	13
1686	0	3	5	3	4	2	1	1	2	0	0	0	2	6
1687	2	3	5	3	3	0	1	0	2	1	2	2	0	12
1688	1	0	5	0	4	0	5	0	2	1	1	1	0	3
1689	2	1	5	0	4	3	1	1	2	1	2	2	2	15
1690	2	2	5	0	1	0	2	1	0	1	2	0	0	8
1691	1	2	5	0	4	4	3	1	2	0	0	2	0	1
1692	1	2	5	0	3	4	3	1	0	1	0	0	0	2
1693	1	0	5	0	3	0	2	1	2	2	0	0	0	3
1694	1	0	5	0	1	0	2	1	1	1	0	0	0	2
1695	2	0	5	0	4	2	1	0	2	1	2	0	2	15
1696	1	1	5	0	2	0	5	0	2	0	2	0	0	1
1697	1	1	5	0	4	0	3	0	1	0	1	2	1	13
1698	1	2	5	0	2	0	3	1	0	0	0	0	0	2
1699	2	3	6	1	4	2	3	1	0	2	2	2	0	0
1700	1	3	6	3	2	0	2	1	0	2	2	2	0	4
1701	2	0	6	4	1	2	3	1	0	2	2	0	2	4
1702	2	3	6	4	4	2	5	1	0	2	2	0	2	4
1703	1	0	6	2	1	2	2	1	0	2	2	0	2	6
1704	2	3	6	3	4	0	5	1	0	1	0	2	2	2
1705	1	3	6	3	1	1	2	1	0	0	0	2	0	6
1706	1	3	6	1	1	0	2	1	2	2	2	2	2	7
1707	2	0	6	0	1	1	1	0	0	2	2	1	2	13
1708	1	3	6	2	1	0	1	1	2	2	2	2	2	7
1709	2	0	6	0	1	2	2	1	2	2	0	0	0	2
1710	2	3	6	3	2	1	2	1	2	2	0	2	0	5
1711	1	3	6	4	4	2	2	1	2	0	0	2	0	2
1712	2	0	6	0	4	3	2	1	2	0	2	2	2	5
1713	2	3	6	2	4	3	2	1	2	1	0	2	0	12
1714	2	3	6	1	4	3	1	1	2	0	2	0	2	8
1715	2	3	6	2	1	3	1	0	2	2	2	2	2	3
1716	2	3	6	3	4	2	3	1	0	1	0	2	2	10
1717	1	3	6	4	4	2	2	1	0	2	0	2	0	4
1718	2	3	6	3	4	0	1	1	2	2	2	2	2	0
1719	2	3	6	4	4	4	2	1	2	2	2	2	0	6
1720	1	3	6	1	4	0	1	1	2	2	0	0	2	4
1721	1	3	6	2	1	1	1	1	2	2	2	2	2	6
1722	1	1	6	0	4	1	1	1	2	0	0	2	2	4
1723	1	3	6	2	1	3	1	1	2	2	0	2	2	5
1724	1	3	6	3	4	0	1	1	2	2	0	2	2	4
1725	1	3	6	3	4	5	2	1	0	2	2	0	2	6
1726	0	0	6	0	2	2	2	1	0	1	0	2	2	10
1727	1	3	6	1	1	2	2	1	2	2	0	2	0	6
1728	1	3	6	1	4	0	2	1	2	0	2	2	0	2
1729	0	3	6	1	2	0	2	1	1	2	0	2	2	12
1730	1	0	6	3	1	0	2	0	0	1	0	0	0	7
1731	1	3	6	3	1	3	1	0	0	1	1	0	2	5
1732	2	3	6	1	2	3	2	1	0	0	0	0	2	6
1733	1	0	6	1	4	3	1	0	2	0	2	0	2	14
1734	0	3	6	4	1	4	1	0	1	1	0	2	1	3
1735	1	3	6	1	1	4	1	0	2	0	2	1	1	3
1736	2	3	6	3	1	2	3	1	0	0	0	0	0	6
1737	1	0	6	2	2	2	3	1	0	0	0	0	0	7
1738	2	3	6	2	1	2	3	1	0	0	0	2	2	5
1739	0	0	6	4	1	2	5	1	0	0	0	0	0	6
1740	2	3	6	4	1	2	5	1	0	0	0	0	0	6
1741	1	3	6	3	1	2	3	1	0	0	0	0	2	6
1742	2	0	6	4	1	2	3	1	0	0	0	0	0	6
1743	1	3	6	4	1	2	3	1	0	0	0	1	2	7
1744	2	0	6	4	1	2	3	1	0	0	2	0	0	7
1745	1	3	6	3	1	2	3	1	1	0	0	0	0	5
1746	0	3	6	4	1	2	3	1	0	0	0	0	1	6
1747	1	3	6	4	1	2	3	1	2	0	0	0	0	6
1748	0	0	6	2	1	2	3	1	2	2	2	0	0	12
1749	1	3	6	1	1	2	5	1	0	2	1	0	1	6
1750	2	0	6	4	1	2	5	1	0	0	0	0	0	6
1751	2	0	6	4	1	2	5	1	0	2	0	2	2	5
1752	1	0	6	2	1	2	3	1	0	0	2	1	2	6
1753	1	3	6	3	1	2	5	1	0	1	2	0	0	6
1754	2	3	6	3	4	2	5	1	2	2	2	0	0	6
1755	1	3	6	3	4	2	5	1	0	1	2	0	0	6
1756	1	3	6	4	1	2	5	1	0	2	0	0	0	6
1757	2	3	6	4	4	2	3	1	0	2	2	0	0	0
1758	1	3	6	4	4	2	5	1	0	2	1	0	0	3
1759	0	3	6	3	1	2	3	1	0	0	0	1	2	5
1760	1	3	6	3	1	2	1	1	0	2	2	2	2	10
1761	1	3	6	3	1	2	1	1	1	2	1	2	2	4
1762	1	3	6	3	4	2	1	1	0	2	2	2	2	10
1763	2	3	6	3	2	2	1	1	0	1	2	2	2	6
1764	1	3	6	3	1	2	1	1	1	2	2	1	0	6
1765	1	3	6	3	1	2	1	1	2	2	2	0	0	0
1766	1	3	6	3	4	2	1	1	2	2	1	0	0	15
1767	1	3	6	3	1	2	1	1	1	2	2	1	2	12
1768	1	3	6	3	1	5	1	1	2	2	1	2	1	1
1769	1	3	6	3	1	5	1	1	2	1	2	1	1	3
1770	1	1	6	0	3	0	2	0	0	1	2	2	0	13
1771	1	0	6	0	1	5	2	1	2	0	2	2	2	8
1772	2	2	6	0	3	3	2	1	0	2	0	0	0	6
1773	1	3	6	2	1	3	2	1	2	0	2	0	2	5
1774	2	2	6	0	1	0	2	1	0	1	0	0	1	10
1775	1	0	6	0	1	0	2	0	0	2	2	2	1	8
1776	2	0	6	0	4	0	2	1	2	1	2	2	1	9
1777	1	2	6	0	3	3	2	1	2	0	2	2	0	2
1778	1	1	6	0	4	0	2	1	2	2	2	2	1	7
1779	0	3	6	0	1	0	2	0	0	2	2	2	2	9
1780	1	2	6	0	4	1	2	0	1	0	1	2	2	12
1781	2	2	6	0	3	5	2	0	2	0	0	0	0	5
1782	1	2	6	0	2	0	2	0	0	1	2	2	0	12
1783	2	2	6	0	1	3	2	1	0	1	0	0	0	15
1784	2	2	6	0	1	3	2	1	0	0	2	0	2	6
1785	0	1	6	0	4	0	2	1	0	1	2	2	0	1
1786	1	0	6	2	1	2	2	1	0	2	2	0	0	9
1787	1	0	6	0	4	0	2	0	2	0	0	2	2	1
1788	2	3	6	0	1	2	2	0	2	1	0	0	1	11
1789	2	1	6	0	2	0	2	0	0	1	0	0	0	8
1790	0	0	6	0	2	0	2	1	2	2	2	2	0	1
1791	1	2	6	0	3	0	2	0	1	2	0	0	2	12
1792	1	0	6	0	3	0	2	1	0	1	0	2	1	4
1793	2	0	6	0	1	4	2	0	2	0	0	0	0	0
1794	1	0	6	0	3	4	2	0	2	2	0	0	2	12
1795	2	3	6	1	4	2	3	1	0	2	2	2	0	0
1796	1	3	6	3	2	0	2	1	0	2	2	2	0	4
1797	2	0	6	4	1	2	3	1	0	2	2	0	2	4
1798	2	3	6	4	4	2	5	1	0	2	2	0	2	4
1799	1	0	6	2	1	2	2	1	0	2	2	0	2	6
1800	2	3	6	3	4	0	5	1	0	1	0	2	2	2
1801	1	3	6	3	1	1	2	1	0	0	0	2	0	6
1802	1	3	6	1	1	0	2	1	2	2	2	2	2	7
1803	2	0	6	0	1	1	1	0	0	2	2	1	2	13
1804	1	3	6	2	1	0	1	1	2	2	2	2	2	7
1805	2	0	6	0	1	2	2	1	2	2	0	0	0	2
1806	2	3	6	3	2	1	2	1	2	2	0	2	0	5
1807	1	3	6	4	4	2	2	1	2	0	0	2	0	2
1808	2	0	6	0	4	3	2	1	2	0	2	2	2	5
1809	2	3	6	2	4	3	2	1	2	1	0	2	0	12
1810	2	3	6	1	4	3	1	1	2	0	2	0	2	8
1811	2	3	6	2	1	3	1	0	2	2	2	2	2	3
1812	2	3	6	3	4	2	3	1	0	1	0	2	2	10
1813	1	3	6	4	4	2	2	1	0	2	0	2	0	4
1814	2	3	6	3	4	0	1	1	2	2	2	2	2	0
1815	2	3	6	4	4	4	2	1	2	2	2	2	0	6
1816	1	3	6	1	4	0	1	1	2	2	0	0	2	4
1817	1	3	6	2	1	1	1	1	2	2	2	2	2	6
1818	1	1	6	0	4	1	1	1	2	0	0	2	2	4
1819	1	3	6	2	1	3	1	1	2	2	0	2	2	5
1820	1	3	6	3	4	0	1	1	2	2	0	2	2	4
1821	1	3	6	3	4	5	2	1	0	2	2	0	2	6
1822	0	0	6	0	2	2	2	1	0	1	0	2	2	10
1823	1	3	6	1	1	2	2	1	2	2	0	2	0	6
1824	1	3	6	1	4	0	2	1	2	0	2	2	0	2
1825	0	3	6	1	2	0	2	1	1	2	0	2	2	12
1826	1	0	6	3	1	0	2	0	0	1	0	0	0	7
1827	1	3	6	3	1	3	1	0	0	1	1	0	2	5
1828	2	3	6	1	2	3	2	1	0	0	0	0	2	6
1829	1	0	6	1	4	3	1	0	2	0	2	0	2	14
1830	0	3	6	4	1	4	1	0	1	1	0	2	1	3
1831	1	3	6	1	1	4	1	0	2	0	2	1	1	3
